"","address","score","location.x","location.y"
"1","164-5 69th Ave, Fresh Meadows, NY, 11365",100,600917.452412908,4509821.59055693
"2","785 Grand St, Brooklyn, NY, 11211",100,589388.586309382,4507322.49177165
"3","2476 Williamsbridge Rd, Bronx, NY, 10469",99.42,596276.690187296,4524136.7992021
"4","225-1 Merrick Blvd, Springfield Gardens, NY, 11413",95.6,606087.354949972,4503734.87365228
"5","34- 20 Junction Blvd, Jackson Heights, NY, 11372",98.09,595173.369044289,4512107.37943406
"6","2424 Flatbush Ave, Brooklyn, NY, 11234",100,591036.81998301,4496092.31984098
"7","367 E 204 St, Bronx, NY, 10467",100,594619.840417565,4525114.90304013
"8","238 Bedford Ave, Brooklyn, NY, 11249",100,587865.833278907,4507767.40985743
"9","2187 Frederick Douglass Blvd, New York, NY, 10026",100,588193.607020821,4517752.74929019
"10","256 St Anns Ave, Bronx, NY, 10454",100,591345.518165453,4517920.47925272
"11","103 Hegeman Ave, Brooklyn, NY, 11212",100,592315.672482156,4501175.54497428
"12","2115 Pitkin Ave, Brooklyn, NY, 11207",100,593445.393277788,4502961.7431667
"13","82- 35 153 Ave, Howard Beach, NY, 11414",97.46,597104.181044551,4502390.32400232
"14","34-12 34th Ave, Astoria, NY, 11106",100,590751.368425394,4512504.46271027
"15","1721 Avenue U, Brooklyn, NY, 11229",100,588515.916495484,4494796.56432236
"16","1 Mott St, New York, NY, 10013",100,584568.230285747,4507459.89669681
"17","211- 14 Hillside Ave, Queens Village, NY, 11427",97.33,605133.913541459,4508852.26441051
"18","240 E Houston St, New York, NY, 10002",100,585654.985811318,4508420.24166627
"19","59- 11 Main St, Flushing, NY, 11355",100,599170.208971335,4510928.81763521
"20","3461 Fulton St, Brooklyn, NY, 11208",100,595666.362806701,4504405.80745702
"21","1580 Unionport Rd, Bronx, NY, 10462",99.16,595949.986256741,4521606.38262279
"22","101- 16 77 St, Ozone Park, NY, 11416",100,596285.265136808,4503801.11715936
"23","108-2 Otis Ave, Corona, NY, 11368",100,596779.023787879,4510649.43889169
"24","72-2 51st Ave, Woodside, NY, 11377",100,593532.748004222,4510023.62142932
"25","148- 19 Hillside Ave, Jamaica, NY, 11435",100,600672.989446661,4506840.22081079
"26","589 E New York Ave, Brooklyn, NY, 11225",100,589321.443302597,4501790.4149385
"27","1301 Church Ave, Brooklyn, NY, 11218",95,587301.664143815,4500178.67006155
"28","2285 Grand Concrs, Bronx, NY, 10453",98.27,592667.418227841,4523475.99318397
"29","1804 Ralph Ave, Brooklyn, NY, 11236",100,591422.166034702,4498595.74425676
"30","91 Tillary St, Brooklyn, NY, 11201",100,585558.686330327,4505544.62987853
"31","5 Heyward St, Brooklyn, NY, 11249",100,587882.636207961,4505911.460937
"32","202- 15 Hillside Ave, Hollis, NY, 11423",100,604571.275059543,4508473.09034743
"33","77 7 Ave, New York, NY, 10011",100,584497.40054443,4510249.32283556
"34","2061 Bartow Ave, Bronx, NY, 10475",100,598726.163193279,4525024.2077248
"35","229 E Tremont Ave, Bronx, NY, 10457",100,592331.678505958,4522587.34203422
"36","139 Flatbush Ave, Brooklyn, NY, 11217",100,586404.767217283,4504235.40296609
"37","4806 Church Ave, Brooklyn, NY, 11203",100,590281.656602975,4500623.02032438
"38","5025 18 Ave, Brooklyn, NY, 11204",100,586106.997569343,4497873.45700273
"39","7000 New Utrecht Ave, Brooklyn, NY, 11228",100,584650.400027475,4497032.75808985
"40","316 Greenwich St, New York, NY, 10013",100,583545.235517203,4507895.54034103
"41","534 Flatbush Ave, Brooklyn, NY, 11225",100,587812.367398886,4501648.7719145
"42","1299 2 Ave, New York, NY, 10021",95,587753.017556388,4513359.37143877
"43","60- 16 Myrtle Ave, Ridgewood, NY, 11385",100,593111.068998626,4506084.95867894
"44","131-7 40th Rd, Flushing, NY, 11354",96.8,598219.44264255,4512296.55398351
"45","86- 18 Broadway, Elmhurst, NY, 11373",100,594788.524981004,4510286.48643633
"46","1721 1st Ave, New York, NY, 10128",100,588770.88248475,4514739.11526195
"47","7721 Flatlands Ave, Brooklyn, NY, 11236",100,591745.553550042,4498755.33542364
"48","156 W 170 St, Bronx, NY, 10452",100,590659.703249468,4521694.27996995
"49",NA,0,NA,NA
"50","2828 Coney Island Ave, Brooklyn, NY, 11235",100,587958.791656729,4493510.33835415
"51","1305 Myrtle Ave, Brooklyn, NY, 11221",100,590728.878897837,4505800.10083118
"52","350 Court St, Brooklyn, NY, 11231",100,584832.918074724,4503971.19247757
"53","57 Bayard St, New York, NY, 10013",100,584648.474367028,4507636.42380044
"54","1036 Rutland Rd, Brooklyn, NY, 11212",100,590853.215665765,4501934.49384067
"55","381 Canal Pl, Bronx, NY, 10451",100,590549.800705575,4518856.3913766
"56","39-9 103rd St, Corona, NY, 11368",100,595981.987166454,4511700.10503125
"57","21- 30 Newtown Ave, Astoria, NY, 11102",100,590719.250595601,4513931.80280928
"58","127- 20 Rockaway Blvd, South Ozone Park, NY, 11420",99.14,600559.688194372,4503358.63495175
"59","22-27 31st St, Astoria, NY, 11105",100,591793.509966474,4514327.01508782
"60","5009 6 Ave, Brooklyn, NY, 11220",100,583856.344889864,4499650.19970859
"61","4112 18 Ave, Brooklyn, NY, 11218",100,586686.744803693,4498405.194395
"62","5612 5 Ave, Brooklyn, NY, 11220",100,583353.805118397,4499434.47636261
"63","41- 41 Kissena Blvd, Flushing, NY, 11355",100,598912.697147785,4512542.15899988
"64","5914 Avenue N, Brooklyn, NY, 11234",100,591542.643252418,4497070.42367902
"65","424 6th Ave, New York, NY, 10011",100,584543.328369025,4509757.02033588
"66",NA,0,NA,NA
"67","630 E 169 St, Bronx, NY, 10456",100,592656.868241973,4520600.03576486
"68","67- 25 Austin St, Forest Hills, NY, 11375",100,596725.319695561,4508737.11979096
"69","1511 Metropolitan Ave, Bronx, NY, 10462",100,596196.001722835,4521552.26662664
"70","1199 E 233 St, Bronx, NY, 10466",100,597405.596280431,4527115.14579763
"71","8772 18 Ave, Brooklyn, NY, 11214",100,584055.156987049,4495249.10275674
"72","517 E 117 St, New York, NY, 10035",100,590115.473752254,4516601.67341396
"73","121- 60 Farmers Blvd, Springfield Gardens, NY, 11413",95.15,604699.570129502,4504416.27514971
"74","262 W 96 St, New York, NY, 10025",100,586690.266951861,4516480.14284352
"75","53 Division St, New York, NY, 10002",100,584887.305149701,4507511.08554145
"76","400 E 23 St, New York, NY, 10010",100,586277.73946232,4509984.65150522
"77","157 Hester St, New York, NY, 10013",100,584794.19090351,4507891.42568195
"78","5249 Broadway, Bronx, NY, 10463",100,591962.947447611,4525534.99327306
"79","89- 89 Union Tpke, Ridgewood, NY, 11385",96.09,596638.837791122,4506828.84789311
"80","1434 Jerome Ave, Bronx, NY, 10452",100,591313.720080121,4521680.57815523
"81","100 Broad St, New York, NY, 10004",100,583478.915442232,4506312.63099488
"82","1095 6th Ave, New York, NY, 10036",100,585715.405465176,4512008.35604876
"83","2330 1 Ave, New York, NY, 10035",100,589964.136591475,4516907.09632778
"84","72- 48 Austin St, Forest Hills, NY, 11375",100,597879.358126326,4508158.54111979
"85","117- 19 Liberty Ave, South Richmond Hill, NY, 11419",100,599263.562356429,4504577.73437181
"86","183-15 Hillside Ave, Jamaica, NY, 11432",88.33,603143.311238887,4507715.92352478
"87","8504 20 Ave, Brooklyn, NY, 11214",100,584782.027971284,4495411.59887293
"88","166- 11 Hillside Ave, Jamaica, NY, 11432",100,601711.257829692,4507247.36632626
"89","1441 Richmond Ave, Staten Island, NY, 10314",98.8,571301.367947498,4495967.70327624
"90","165 1 Ave, New York, NY, 10003",100,585754.70868866,4509172.27790541
"91","156- 40 Northern Blvd, Flushing, NY, 11354",100,600531.436945163,4513137.24568326
"92","1891 3 Ave, New York, NY, 10029",100,588993.175801593,4516044.41690611
"93","130- 35 Merrick Blvd, Jamaica, NY, 11434",95,604614.898675056,4503985.97233296
"94","64- 65 Myrtle Ave, Ridgewood, NY, 11385",96.09,593688.421501394,4506268.62883073
"95","1901 Emmons Ave, Brooklyn, NY, 11235",100,588972.223957583,4493089.97655373
"96","1585 A Westchester Ave, Bronx, NY, 10472",100,594762.643775422,4520406.75376947
"97","100 W 125 St, New York, NY, 10027",100,588878.516711809,4517970.05266526
"98","552 Beach 25 St, Far Rockaway, NY, 11691",100,604808.032542719,4495060.53616066
"99","92-2 63rd Dr, Rego Park, NY, 11374",100,595930.825267106,4509114.61503752
"100","128 Mott St, New York, NY, 10013",100,584741.243470533,4507984.10426296
"101","116 Avenue U, Brooklyn, NY, 11223",100,586312.714064457,4494424.07246562
"102","2754 Hylan Blvd, Staten Island, NY, 10306",98.8,574956.55127291,4490739.79850054
"103","81-2 Northern Blvd, Jackson Heights, NY, 11372",98.09,594013.484975517,4512202.27387296
"104","75 9 Ave, New York, NY, 10011",100,584035.176202581,4510618.35014937
"105","49- 11 30 Ave, Woodside, NY, 11377",100,592233.313466111,4512735.88537845
"106","225 9 Ave, New York, NY, 10011",100,584326.740944636,4511158.87645341
"107","1791 Walton Ave, Bronx, NY, 10453",100,591879.823104978,4522462.57734175
"108","40 W 225 St, Bronx, NY, 10463",96.78,592035.776913238,4525281.90059335
"109","329 9 St, Brooklyn, NY, 11215",100,585760.271707729,4502497.84827326
"110","1498 Flatbush Ave, Brooklyn, NY, 11210",100,588852.98113759,4498675.05842509
"111","249-26 Northern Blvd, Little Neck, NY, 11362",100,606501.589533339,4513753.78932265
"112","6719 Bay Pkwy, Brooklyn, NY, 11204",100,586039.171529151,4496203.94231237
"113","2066 Rockaway Pkwy, Brooklyn, NY, 11236",100,593965.502643504,4498560.70382008
"114","1188 Webster Ave, Bronx, NY, 10456",100,591919.620087551,4520629.29099089
"115","115- 34 Sutphin Blvd, Jamaica, NY, 11436",95,602018.639321231,4504370.20742671
"116","44-7 Greenpoint Ave, Sunnyside, NY, 11104",100,591104.705693634,4510612.94180645
"117","72- 56 Austin St, Forest Hills, NY, 11375",100,597897.865862846,4508146.36995824
"118","1115 Manhattan Ave, Brooklyn, NY, 11222",100,588194.652144226,4510051.10324929
"119","24 W 135 St, New York, NY, 10037",100,589473.69391769,4518562.41544433
"120","1300 Metropolitan Ave, Brooklyn, NY, 11237",100,590815.113922731,4507541.36694649
"121","2645 Webster Ave, Bronx, NY, 10458",100,593620.397957566,4524211.91641817
"122","156-1 Cross Bay Blvd, Howard Beach, NY, 11414",96.54,597971.904181226,4502126.14122312
"123","116- 19 101 Ave, South Richmond Hill, NY, 11419",100,599033.133218911,4504953.20524172
"124","41- 25 102 St, Corona, NY, 11368",100,595979.233253446,4511393.48608455
"125","188 Avenue C, New York, NY, 10009",100,586454.949599362,4508930.77210566
"126","1041 Prospect Ave, Bronx, NY, 10459",100,592745.04538595,4519904.68306914
"127","1195 Spofford Ave, Bronx, NY, 10474",100,593486.506951265,4518689.14694384
"128","202- 36 Rockaway Point Blvd, Breezy Point, NY, 11697",97.61,592061.296028821,4490629.5997012
"129","1657 Broadway, Brooklyn, NY, 11207",100,591821.477239294,4504328.48478368
"130","908 2 Ave, New York, NY, 10017",100,587032.137515766,4511952.42960262
"131","214- 14 73 Ave, Oakland Gardens, NY, 11364",96.35,604745.185240007,4510667.44626145
"132","661 Amsterdam Ave, New York, NY, 10025",100,586737.996997131,4516138.15706916
"133","40- 24 College Point Blvd, Flushing, NY, 11354",100,598388.201555495,4512510.50904228
"134","6501 7 Ave, Brooklyn, NY, 11220",100,583328.878513721,4498562.43197689
"135","1051 Utica Ave, Brooklyn, NY, 11203",100,590495.709397375,4500148.41908803
"136",NA,0,NA,NA
"137","345 Broadway, New York, NY, 10013",100,584094.649484851,4507792.15541711
"138","96-9 Liberty Ave, Ozone Park, NY, 11417",100,597773.550442873,4503951.463974
"139","134- 16 Liberty Ave, South Richmond Hill, NY, 11419",100,600375.688869856,4505181.1655838
"140","46-7 Hollis Court Blvd, Flushing, NY, 11358",100,601983.767877556,4512038.59528195
"141","180 3 Ave, New York, NY, 10003",100,585610.382906945,4509842.1361735
"142","240 E 45 St, New York, NY, 10017",100,586829.539932231,4511724.584471
"143","66- 26 Metropolitan Ave, Middle Village, NY, 11379",98.67,593698.485957491,4507396.59678159
"144","117-7 Liberty Ave, South Richmond Hill, NY, 11419",100,599210.268862211,4504562.66409278
"145",NA,0,NA,NA
"146","489 Broome St, New York, NY, 10013",100,584229.643219784,4508491.211306
"147","417 Junius St, Brooklyn, NY, 11212",100,592861.375027319,4502074.33464399
"148","146 2 Ave, New York, NY, 10003",100,585543.544384931,4509192.03649829
"149","23 Meadow St, Brooklyn, NY, 11206",100,589849.804410515,4507195.09422654
"150","173-9 Jamaica Ave, Jamaica, NY, 11432",100,602489.545946401,4507051.03043316
"151","58-2 Junction Blvd, Elmhurst, NY, 11373",88.33,595788.964390146,4510064.38655132
"152","56 W 22 St, New York, NY, 10010",100,585035.515658259,4510597.27486558
"153","2036 Bedford Ave, Brooklyn, NY, 11226",100,588223.158502298,4500954.48903014
"154",NA,0,NA,NA
"155","107 2nd Ave, New York, NY, 10003",100,585434.584699486,4509036.60312951
"156","975 Nostrand Ave, Brooklyn, NY, 11225",100,588694.854789337,4502066.93648697
"157","68 33 St, Brooklyn, NY, 11232",96.56,584049.544592071,4501239.97230608
"158","1009 Flatbush Ave, Brooklyn, NY, 11226",100,588105.833113433,4500060.81799632
"159","101 Varet St, Brooklyn, NY, 11206",100,589426.342421055,4506355.05312994
"160","39- 39 63 St, Woodside, NY, 11377",100,592776.028768785,4511093.8072348
"161","213- 22 Jamaica Ave, Queens Village, NY, 11429",95,606087.337654363,4508010.86600558
"162","2769 W 15 St, Brooklyn, NY, 11224",100,586063.59614542,4492625.43154416
"163","278 Park Ave S, New York, NY, 10010",100,585519.66290366,4510332.09331752
"164","52 Avenue A, New York, NY, 10009",100,585734.267062375,4508619.00438755
"165","675 Morris Ave, Bronx, NY, 10451",100,590959.752418535,4519424.33776873
"166","117- 31 Farmers Blvd, Saint Albans, NY, 11412",100,604595.66675854,4505162.90472682
"167","1150 Madison Ave, New York, NY, 10028",100,587832.973611534,4514938.28956562
"168","330 Graham Ave, Brooklyn, NY, 11211",100,589181.693021773,4507555.51314439
"169","85- 15 Roosevelt Ave, Jackson Heights, NY, 11372",98.09,594499.708831212,4511397.67480749
"170","1160 Utica Ave, Brooklyn, NY, 11203",100,590491.866305799,4499802.91939482
"171",NA,0,NA,NA
"172","645 Broadway, New York, NY, 10012",100,584800.206535078,4508909.93547211
"173","287 Broadway, Brooklyn, NY, 11211",100,587986.763109121,4506943.91021948
"174","480 Van Brunt St, Brooklyn, NY, 11231",100,583128.599358956,4503083.38968751
"175","2222 Pitkin Ave, Brooklyn, NY, 11207",100,593771.677513117,4502999.53219564
"176","102- 21 Queens Blvd, Forest Hills, NY, 11375",100,597046.016223866,4508965.03898644
"177","30 E 198 St, Bronx, NY, 10468",100,593343.086394547,4525006.74511169
"178","369 Flatbush Ave, Brooklyn, NY, 11238",100,586889.441139045,4503374.4352426
"179","2276 Creston Ave, Bronx, NY, 10453",100,592619.156114267,4523504.11256006
"180","3165 Harkness Ave, Brooklyn, NY, 11235",100,590626.489721414,4493427.07411311
"181","59- 18 Woodside Ave, Woodside, NY, 11377",100,592457.875099788,4511035.87283502
"182",NA,0,NA,NA
"183","221-12 Horace Harding Expy, Oakland Gardens, NY, 11364",96.35,604967.525327555,4511640.83105863
"184","1752 Shore Pkwy, Brooklyn, NY, 11214",100,584875.430732287,4494042.60242277
"185","2 Rewe St, Brooklyn, NY, 11211",100,590086.572386911,4507738.43442823
"186","521 Kings Hwy, Brooklyn, NY, 11223",100,587119.401205429,4495368.74881333
"187","1165 Broadway, Brooklyn, NY, 11221",100,590579.53323205,4505248.96693604
"188","300 W 145 St, New York, NY, 10039",100,589168.015895008,4519637.60054858
"189","409 5 Ave, Brooklyn, NY, 11215",100,585756.552055926,4502627.33659435
"190","121 Graham Ave, Brooklyn, NY, 11206",97.75,589277.92666822,4506657.01150082
"191","117-1 Liberty Ave, South Richmond Hill, NY, 11419",100,599210.268862211,4504562.66409278
"192","105- 35 64 Rd, Forest Hills, NY, 11375",100,597084.866834853,4509694.04959339
"193","505 Neptune Ave, Brooklyn, NY, 11224",100,586974.820314852,4492646.72079022
"194","810 8 Ave, New York, NY, 10019",100,585560.414487139,4512794.98011209
"195","617 5th Ave, Brooklyn, NY, 11215",100,585293.048475462,4501909.02812468
"196","42-17 Junction Blvd, Corona, NY, 11368",88.33,595553.274389572,4511211.52819827
"197","179 E Houston St, New York, NY, 10002",100,585442.134497368,4508458.73018726
"198","289 Columbus Ave, New York, NY, 10023",100,586256.581885356,4514668.15396802
"199","5716 Broadway, Bronx, NY, 10463",100,592484.517740071,4526276.75133715
"200","1274 39th St, Brooklyn, NY, 11218",100,585663.871968646,4499391.1635668
"201","52 Arlington Ave, Brooklyn, NY, 11207",100,593566.191438912,4503773.00580856
"202","142- 36 Foch Blvd, Jamaica, NY, 11436",100,601543.132859888,4503808.0709332
"203","239 Bond St, Brooklyn, NY, 11217",100,585519.21852048,4503957.13680217
"204","102 Montague St, Brooklyn, NY, 11201",100,584876.517002283,4505382.57814552
"205","153 Cross Island Pkwy, Whitestone, NY, 11357",95.63,600416.496197115,4515725.22295919
"206","21 Manhattan Ave, Brooklyn, NY, 11206",100,589157.622266185,4506326.50562528
"207",NA,0,NA,NA
"208","4705 5 Ave, Brooklyn, NY, 11220",100,583821.090490909,4499993.22237704
"209","741 Utica Ave, Brooklyn, NY, 11203",100,590415.053850187,4500981.5387989
"210","1507 Coney Island Ave, Brooklyn, NY, 11230",100,587610.321179667,4497170.09718045
"211","37 Lenox Ave, New York, NY, 10026",100,588414.317333604,4517022.46313892
"212","1565 1 Ave, New York, NY, 10028",100,588459.981820018,4514189.67672283
"213","56 7 Ave, New York, NY, 10011",100,584426.817682658,4510188.37650535
"214","1055 Flushing Ave, Brooklyn, NY, 11237",100,590380.754052137,4506482.6240199
"215","40 Bogart St, Brooklyn, NY, 11206",100,590129.850371062,4506552.49093099
"216","103 Moore St, Brooklyn, NY, 11206",100,589415.520867687,4506433.7007235
"217","1860 Westchester Ave, Bronx, NY, 10472",100,595825.921056311,4520789.66394299
"218","1507 York Ave, New York, NY, 10075",100,588592.440924961,4513977.31093865
"219","150- 15 14 Ave, Whitestone, NY, 11357",100,600136.314463509,4516034.08911183
"220","686 Main St, New York, NY, 10044",96.53,588877.222195297,4513188.5389808
"221","130 7 Ave, Brooklyn, NY, 11215",100,586491.125681949,4502967.67650508
"222","1446 2nd Ave, New York, NY, 10021",95,588049.702782302,4513858.55791171
"223","4332 White Plains Rd, Bronx, NY, 10466",100,596403.158348625,4527879.61653649
"224","141- 40 Northern Blvd, Flushing, NY, 11354",100,599247.013197629,4513271.67982456
"225","44 Empire Blvd, Brooklyn, NY, 11225",100,587924.837490042,4501890.44230061
"226","907 8 Ave, New York, NY, 10019",100,585705.266945215,4513137.76413031
"227","790 Greenwich St, New York, NY, 10014",100,583878.399462505,4510064.81329332
"228","300 Manida St, Bronx, NY, 10474",100,593940.971046099,4517911.72325821
"229","76-10 37th Ave, Jackson Heights, NY, 11372",98.09,593715.934560176,4511498.20336653
"230","2200 Arthur Kill Rd, Staten Island, NY, 10309",98.8,566969.150388566,4489894.67221449
"231","367 Nostrand Ave, Brooklyn, NY, 11216",100,588684.675122786,4504392.78044639
"232","238 E 161 St, Bronx, NY, 10451",100,591087.710086449,4519933.27994971
"233",NA,0,NA,NA
"234","540 W 235 St, Bronx, NY, 10463",100,591895.796211507,4526610.10431344
"235","545 Grand St, New York, NY, 10002",100,586090.876335087,4507515.73262045
"236","631 Gates Ave, Brooklyn, NY, 11221",100,589438.2420151,4504592.00400948
"237","1221 Fteley Ave, Bronx, NY, 10472",100,595129.268639937,4520494.07840697
"238","200 Canal St, New York, NY, 10013",100,584600.349314487,4507808.49884296
"239","1380 Pennsylvania Ave, Brooklyn, NY, 11239",100,594370.253427394,4500148.64950894
"240","25 N 5th St, Brooklyn, NY, 11249",100,587587.838365792,4508115.3184559
"241","42-2 Northern Blvd, Long Island City, NY, 11101",98.93,591036.653549621,4511895.72453912
"242","98 Rutledge St, Brooklyn, NY, 11249",95,587959.803862861,4506060.60812653
"243","30- 42 31 St, Astoria, NY, 11102",100,590945.3181945,4513327.36762048
"244","108- 27 Queens Blvd, Forest Hills, NY, 11375",100,597733.123142801,4508461.16606543
"245","29 Union St, Queens, NY, 11354",91.63,599020.456421738,4514124.62815863
"246","381 Mother Gaston Blvd, Brooklyn, NY, 11212",100,592409.116389749,4502662.60745194
"247","1018 Morris Park Ave, Bronx, NY, 10462",100,596458.591035683,4522533.29187261
"248","137- 61 Northern Blvd, Flushing, NY, 11354",100,598823.359669949,4513214.2967891
"249","1683 60 St, Brooklyn, NY, 11204",100,585454.001174141,4497468.41819271
"250","1031 1st Ave, New York, NY, 10022",100,587511.312740487,4512404.92434707
"251","301 E 64 St, New York, NY, 10065",100,587629.322675275,4513046.99475111
"252","3100 3 Ave, Bronx, NY, 10451",100,591754.976119324,4519517.17270678
"253","840 E New York Ave, Brooklyn, NY, 11203",100,590030.020512584,4501828.9528354
"254","41 Belmont Ave, Brooklyn, NY, 11212",100,592225.627282959,4502558.21855121
"255","3515 Jerome Ave, Bronx, NY, 10467",100,594205.132158714,4526304.09711804
"256","1115 Pennsylvania Ave, Brooklyn, NY, 11207",100,594127.109993334,4500913.5728603
"257","5101 Avenue N, Brooklyn, NY, 11234",100,590893.218381292,4497037.17723369
"258","57 Mill St, Brooklyn, NY, 11231",100,584151.020314179,4503281.32050773
"259","43- 26 Ditmars Blvd, Astoria, NY, 11105",100,592453.702835486,4513835.45395238
"260",NA,0,NA,NA
"261","75-7 37th Ave, Jackson Heights, NY, 11372",98.09,593633.605963172,4511498.17317211
"262","4138 Broadway, New York, NY, 10033",100,589496.225790784,4522199.71646141
"263","270 Greenwich St, New York, NY, 10007",100,583498.682264428,4507644.16758882
"264","41- 82 Main St, Flushing, NY, 11355",100,598886.124679479,4512277.89090613
"265","218 Myrtle Ave, Brooklyn, NY, 11201",100,586217.122304827,4505221.4727841
"266","1450 3 Ave, New York, NY, 10028",100,588103.175043671,4514464.7005354
"267","109 E Broadway, New York, NY, 10002",100,585061.742495203,4507463.95375065
"268","70- 20 Rockaway Beach Blvd, Arverne, NY, 11692",100,601567.343513885,4493932.85623592
"269","259 Union Tpke, Glen Oaks, NY, 11004",87.8,608599.760124669,4511387.54943565
"270","1525 86 St, Brooklyn, NY, 11228",100,583885.501364069,4496070.14182857
"271","309 E 115 St, New York, NY, 10029",100,589623.426361429,4516671.99293755
"272","109-1 37th Ave, Corona, NY, 11368",100,596366.680422266,4512074.79847202
"273","1420 Fulton St, Brooklyn, NY, 11216",100,589224.263284563,4503768.08467631
"274","535 E 170th St, Bronx, NY, 10456",100,592467.399909438,4521021.04075732
"275","1482 Coney Island Ave, Brooklyn, NY, 11230",100,587560.040045771,4497242.16131949
"276","819 Garrison Ave, Bronx, NY, 10474",100,593311.683316487,4518889.55552875
"277","599 Kingston Ave, Brooklyn, NY, 11203",100,589447.146137338,4501420.88563629
"278","991 Bedford Ave, Brooklyn, NY, 11205",100,588291.009230444,4504874.25316339
"279","1136 Ogden Ave, Bronx, NY, 10452",100,590414.23914769,4521082.13391004
"280","1967 Flatbush Ave, Brooklyn, NY, 11234",100,590003.160018143,4497334.84812982
"281","42- 15 30 Ave, Astoria, NY, 11103",100,591770.159211311,4513013.73184715
"282","217- 20 Linden Blvd, Cambria Heights, NY, 11411",98.09,606285.598387233,4505726.60479078
"283","71- 64 Austin St, Forest Hills, NY, 11375",100,597747.302257973,4508236.34932289
"284","22- 20 36 Ave, Astoria, NY, 11106",96.63,589855.147501897,4512560.88069867
"285","87- 15 Rockaway Beach Blvd, Far Rockaway, NY, 11693",96.42,600463.001935428,4493584.43513477
"286","169- 85 137 Ave, Jamaica, NY, 11434",100,603919.603584563,4503198.95326237
"287","88 Queens Blvd, Elmhurst, NY, 11373",100,594983.593958742,4509986.13117094
"288","45- 60 46 St, Woodside, NY, 11377",100,591253.678974899,4510603.61966988
"289","130 Bleecker St, New York, NY, 10012",100,584560.535873277,4509016.83431488
"290","175- 35 Hillside Ave, Jamaica, NY, 11432",100,602493.45451985,4507511.61796138
"291","89- 45 163 St, Jamaica, NY, 11432",100,601587.135024036,4506807.50104183
"292","1795 Victory Blvd, Staten Island, NY, 10314",98.8,574158.513145314,4496189.73850924
"293","100 Hugh J Grant Cir, Bronx, NY, 10472",100,596045.429888644,4520787.56546686
"294","3946 White Plains Rd, Bronx, NY, 10466",100,595969.453126315,4526836.96719947
"295","713 Brighton Beach Avenue, Brooklyn, NY, 11235",100,588011.961281296,4492438.8729017
"296","237 Avenue U, Brooklyn, NY, 11223",100,586689.11484732,4494510.0770696
"297","99 Ellis St, Staten Island, NY, 10307",98.8,564042.582662836,4485401.966493
"298","885 Gerard Ave, Bronx, NY, 10452",100,590667.817357164,4520233.60068628
"299","72- 20 37 Ave, Jackson Heights, NY, 11372",98.09,593445.51671756,4511451.0913116
"300","44- 44 College Point Blvd, Flushing, NY, 11355",100,598541.431459448,4511943.82996515
"301","589 Prospect Ave, Brooklyn, NY, 11215",100,586407.482892272,4501145.55733895
"302","445 E 163 St, Bronx, NY, 10451",100,591842.610128303,4519975.61156228
"303","89 165th St, Jamaica, NY, 11432",95.63,601676.23476943,4506996.81069607
"304","259- 15 Hillside Ave, Glen Oaks, NY, 11004",100,609035.474422964,4510410.9795613
"305","130 Havemeyer St, Brooklyn, NY, 11211",100,588082.116218525,4507350.55374655
"306","59- 15 Roosevelt Ave, Woodside, NY, 11377",100,592458.352400241,4511089.17412868
"307","75- 43 Metropolitan Ave, Middle Village, NY, 11379",98.67,594933.862968851,4507524.42278042
"308","61- 35 Junction Blvd, Rego Park, NY, 11374",100,595950.784500601,4509736.52110437
"309","272- 72 Grand Central Pkwy, New York, NY, 11004",95,608583.355683803,4512636.59042565
"310","5707 8 Ave, Brooklyn, NY, 11220",100,583894.899245396,4498923.46039345
"311","301 Marcus Garvey Blvd, Brooklyn, NY, 11221",100,589679.105928032,4504553.58955236
"312","32- 11 Beach Channel Dr, Far Rockaway, NY, 11691",100,604402.977274057,4494879.12084204
"313","421 E 189 St, Bronx, NY, 10458",100,593395.844553207,4523846.45239913
"314","431 E 91st St, New York, NY, 10128",100,588919.032498376,4514845.35356228
"315","74th St, Jackson Heights, NY, 11372",88.33,593560.042877418,4511473.02451702
"316","234- 21 Merrick Blvd, Rosedale, NY, 11422",96.13,606861.107522735,4503386.84505437
"317","41 4 St, Brooklyn, NY, 11231",100,584958.176526285,4503452.65491162
"318","63- 64 108 St, Forest Hills, NY, 11375",100,597106.666298632,4509777.85696943
"319","991 Fulton St, Brooklyn, NY, 11238",100,587612.394967841,4504066.97351151
"320","3315 Avenue H, Brooklyn, NY, 11210",100,589307.560442878,4498443.09863439
"321","46- 31 Kissena Blvd, Flushing, NY, 11355",100,599783.416613282,4511695.51028997
"322","7924 Flatlands Ave, Brooklyn, NY, 11236",100,591890.702263572,4498836.49295924
"323","241 Taaffe Pl, Brooklyn, NY, 11205",100,587907.68007047,4505044.14548134
"324","9606 3 Ave, Brooklyn, NY, 11209",100,581702.526597055,4496626.14748006
"325","66- 17 Grand Ave, Maspeth, NY, 11378",100,593049.135150229,4508764.26831153
"326","1871 Rockaway Pkwy, Brooklyn, NY, 11236",100,593670.193561692,4499044.20094934
"327","300 W 22 St, New York, NY, 10011",100,584474.835754063,4510899.19208987
"328","57 48th St, Maspeth, NY, 11378",95.63,591092.956422704,4508569.9778972
"329",NA,0,NA,NA
"330","1365 3 Ave, New York, NY, 10075",100,587951.171308122,4514112.32113222
"331","253 Rockaway Blvd, Rosedale, NY, 11422",95.63,606538.345431507,4499127.520866
"332","1460 St Nicholas Ave, New York, NY, 10033",100,589974.398551208,4522719.29915076
"333","199-11 Hollis Ave, Saint Albans, NY, 11412",96.31,604879.948703205,4506893.27279778
"334","1331 1 Ave, New York, NY, 10021",100,588071.385187657,4513468.43459221
"335","1291 Broadway, Brooklyn, NY, 11221",100,590898.057220364,4504998.54878473
"336","294 Kings Hwy, Brooklyn, NY, 11223",100,586325.477736908,4495411.18740703
"337","8008 18 Ave, Brooklyn, NY, 11214",100,584659.608634485,4495987.02571526
"338","21- 61 31 St, Astoria, NY, 11105",100,591972.995445072,4514508.48050796
"339","206 E 167 St, Bronx, NY, 10456",100,591354.438746327,4520876.49970811
"340","148 Jamaica Ave, Jamaica, NY, 11435",95.63,600793.783300714,4506340.71474827
"341","492 Myrtle Ave, Brooklyn, NY, 11205",100,587422.182508122,4505230.21231997
"342","80 E 93 St, Brooklyn, NY, 11212",100,590608.385221484,4501917.03945687
"343","102-2 101st Ave, Ozone Park, NY, 11416",100,597960.277371215,4504514.76800024
"344",NA,0,NA,NA
"345","210 E 170 St, Bronx, NY, 10456",100,591628.894735948,4521375.98640254
"346","1065 E 163 St, Bronx, NY, 10459",100,593545.214906947,4519490.83065938
"347","81- 37 Broadway, Elmhurst, NY, 11373",100,594318.67206123,4510833.70317603
"348","55 Fulton St, New York, NY, 10038",100,584060.711776801,4506913.44528369
"349","319 Kings Hwy, Brooklyn, NY, 11223",100,586429.562152869,4495421.61395312
"350","109-6 Jamaica Ave, Richmond Hill, NY, 11418",100,598124.898579533,4505646.34228513
"351","24 W Fordham Rd, Bronx, NY, 10468",100,592483.86723307,4524089.3739716
"352","1472 Boston Rd, Bronx, NY, 10459",95,593207.212122573,4520946.69579193
"353","102- 14 37 Ave, Corona, NY, 11368",100,595829.780606524,4511965.69526347
"354","127 W Burnside Ave, Bronx, NY, 10453",100,591530.677823827,4523114.85778628
"355","4118 3 Ave, Brooklyn, NY, 11232",100,583694.0874239,4500649.85613086
"356","486 Henry St, Brooklyn, NY, 11231",100,584556.676323065,4504222.87794387
"357","5555 Broadway, Bronx, NY, 10463",100,592238.489707227,4525856.26585363
"358","1958 Ralph Ave, Brooklyn, NY, 11234",100,591445.891158928,4498216.24102095
"359","204 Cortelyou Rd, Brooklyn, NY, 11218",100,586490.607234906,4499071.12727833
"360","82- 10 Baxter Ave, Elmhurst, NY, 11373",100,594294.477865869,4511238.79136197
"361","105-2 Merrick Blvd, Jamaica, NY, 11433",100,602253.44918617,4506241.55483242
"362","283 E 204 St, Bronx, NY, 10467",100,594469.054621103,4525322.13372979
"363","2467 Jerome Ave, Bronx, NY, 10468",100,592612.067833965,4524132.87381734
"364","107 Featherbed Ln, Bronx, NY, 10453",95,591161.46123571,4522259.09099186
"365","1465 38 St, Brooklyn, NY, 11218",100,586105.903070029,4499171.12172317
"366","328 Linden St, Brooklyn, NY, 11237",100,591772.134527887,4505920.59967217
"367","204 Union Ave, Brooklyn, NY, 11206",95,588680.437023939,4506709.11131403
"368",NA,0,NA,NA
"369","101 W End Ave, New York, NY, 10069",95,585346.542737738,4514279.64785816
"370","37- 54 90 St, Jackson Heights, NY, 11372",98.09,594827.787057898,4511497.24132779
"371","229 W 13 St, New York, NY, 10011",100,584308.891553568,4510211.20463389
"372","150- 51 Northern Blvd, Flushing, NY, 11354",100,600154.386046166,4513378.73502437
"373","240 E 86 St, New York, NY, 10028",100,588385.46534417,4514645.63032425
"374",NA,0,NA,NA
"375","1824 Kings Hwy, Brooklyn, NY, 11229",100,588408.532122945,4495994.753045
"376","5222 16 Ave, Brooklyn, NY, 11219",95,585596.79630268,4498061.57921564
"377","2326 Nostrand Ave, Brooklyn, NY, 11210",100,589036.313887335,4497968.86771736
"378","202 Beach 116 St, Rockaway Park, NY, 11694",100,598421.966447865,4492783.81300128
"379","77- 20 Jamaica Ave, Woodhaven, NY, 11421",100,595979.002832537,4505156.20606185
"380","216 5 Ave, Brooklyn, NY, 11215",100,586132.697729926,4503301.10378857
"381","1205 Sutter Ave, Brooklyn, NY, 11208",100,595243.79583963,4503032.46549815
"382","67- 16 Myrtle Ave, Ridgewood, NY, 11385",96.09,594169.441605898,4506214.09313935
"383","169 Atlantic Ave, Brooklyn, NY, 11201",100,584999.751041579,4504865.5053982
"384","75 E Broadway, New York, NY, 10002",100,584957.493492879,4507450.47412752
"385","7907 13 Ave, Brooklyn, NY, 11228",100,583752.836526173,4496799.12774757
"386","1331 St Nicholas Ave, New York, NY, 10033",100,589697.366785007,4522273.99428703
"387","89-30 Sutphin Blvd, Jamaica, NY, 11435",100,600624.939739045,4506558.74174591
"388","13 E Tremont Ave, Bronx, NY, 10453",100,591993.897913173,4522856.46542568
"389","2262 Jerome Ave, Bronx, NY, 10453",100,592395.603849347,4523601.66310144
"390","148- 40 Hillside Ave, Jamaica, NY, 11435",100,600738.173875727,4506829.58853174
"391","725 Columbus Ave, New York, NY, 10025",100,587093.083845985,4516206.19707162
"392","62 W 38 St, New York, NY, 10018",100,585657.652110399,4511715.68857808
"393","4212 Avenue D, Brooklyn, NY, 11203",100,589917.180102112,4499511.96362231
"394","101 Clark St, Brooklyn, NY, 11201",100,585150.742570995,4505657.70070991
"395","2497 7th Ave, New York, NY, 10030",100,589475.010608594,4519463.52578176
"396","1486 Lexington Ave, New York, NY, 10128",100,588488.80089218,4515495.55430278
"397","136 E 34 St, New York, NY, 10016",100,586146.506525781,4511081.56200939
"398","3315 White Plains Rd, Bronx, NY, 10467",100,595455.566167394,4525357.53159211
"399","157- 48 Cross Bay Blvd, Howard Beach, NY, 11414",96.54,598006.369422653,4501767.13419745
"400","1066 3 Ave, New York, NY, 10065",100,587375.341229212,4513115.70955766
"401","37- 15 31 Ave, Astoria, NY, 11103",96.2,591321.825958499,4512892.19304739
"402","1050 Westchester Ave, Bronx, NY, 10459",100,593485.585267633,4519896.06697304
"403","202 Avenue Of The Americas, New York, NY, 10013",100,584185.196672456,4508897.04013057
"404","55 Avenue D, New York, NY, 10009",100,586362.390334952,4508388.52377366
"405","3470 3 Ave, Bronx, NY, 10456",100,592230.992798393,4520461.06726926
"406","6400 Amboy Rd, Staten Island, NY, 10309",98.8,566456.620224866,4485998.18059297
"407","44- 65 21 St, Long Island City, NY, 11101",98.93,588872.673895923,4511297.12899833
"408","61- 50 Springfield Blvd, Oakland Gardens, NY, 11364",100,605003.421243554,4511503.80832367
"409","175 Clinton St, New York, NY, 10002",100,585549.946794452,4507686.36753229
"410","84- 39 Jamaica Ave, Woodhaven, NY, 11421",100,596371.73058261,4505258.98201622
"411","169- 13 Hillside Ave, Jamaica, NY, 11432",100,602002.509857657,4507386.91910345
"412","37- 11 Ditmars Blvd, Astoria, NY, 11105",100,592230.441434077,4514215.1876091
"413","786 Flatbush Ave, Brooklyn, NY, 11226",100,587953.13811516,4500828.32535358
"414","1345 Castle Hill Avenue, Bronx, NY, 10462",100,596771.107621748,4521110.50036971
"415","450 Forest Ave, Staten Island, NY, 10301",98.8,575720.429500866,4498134.44159854
"416","1307 Madison Ave, New York, NY, 10128",100,588122.003723598,4515414.2239515
"417","745 Westchester Ave, Bronx, NY, 10455",100,592270.970825965,4519108.64466586
"418","1654 Metropolitan Ave, Bronx, NY, 10462",100,596478.876304923,4521645.0604181
"419",NA,0,NA,NA
"420","560 W 125 St, New York, NY, 10027",100,587911.54714123,4518704.28888924
"421","32-21 Newtown Ave, Astoria, NY, 11102",100,591131.998208896,4513439.83222184
"422","95 E Houston St, New York, NY, 10002",100,585142.54840253,4508580.47330597
"423","210 Clarkson Ave, Brooklyn, NY, 11226",100,588550.611300804,4500994.76331317
"424","35- 15 Bell Blvd, Bayside, NY, 11361",100,603533.113657648,4513776.24400829
"425","1154 E Gun Hill Rd, Bronx, NY, 10469",100,596624.856179586,4525280.8801579
"426","2840 Broadway, New York, NY, 10025",100,587193.613196506,4517543.54356418
"427","1347 1 Ave, New York, NY, 10021",100,588112.729282043,4513544.77797669
"428","553 W 157 St, New York, NY, 10032",100,589013.255337879,4520857.53935909
"429","493 5 Ave, Brooklyn, NY, 11215",100,585572.453979592,4502328.51359369
"430","7414 3 Ave, Brooklyn, NY, 11209",100,582209.905207593,4498320.07855737
"431","2730 Arthur Kill Rd, Staten Island, NY, 10309",98.8,565809.112784869,4488872.20412231
"432","39 65th Pl, Woodside, NY, 11377",95.63,592947.041099881,4511110.11796562
"433","905 Franklin Ave, Brooklyn, NY, 11225",100,587999.470342361,4502421.43640946
"434","123- 12 101 Ave, South Richmond Hill, NY, 11419",98.6,599525.262902917,4505114.82905019
"435","382 Mcdonald Ave, Brooklyn, NY, 11218",100,586242.937675863,4499814.19356069
"436","256 E 167 St, Bronx, NY, 10456",100,591496.476777596,4520829.61728261
"437","23- 55 Broadway, Astoria, NY, 11106",100,590438.128858279,4513067.73263285
"438","831 Rosedale Ave, Bronx, NY, 10473",100,595517.642569094,4519604.77379848
"439","408 Broome St, New York, NY, 10012",95,584635.669547987,4508275.08472343
"440","5817 5 Ave, Brooklyn, NY, 11220",100,583270.129411448,4499281.55917274
"441","640 Pelham Pkwy S, Bronx, NY, 10462",100,595412.825743817,4523446.91077363
"442","755 Amsterdam Ave, New York, NY, 10025",100,586912.071763958,4516450.39385841
"443","10 Columbus Cir, New York, NY, 10019",96.19,585867.16232118,4513550.39037167
"444","133- 54 41 Ave, Flushing, NY, 11355",100,598761.458738825,4512528.9262563
"445","79- 15 Eliot Ave, Middle Village, NY, 11379",98.67,594622.062333466,4508832.33300195
"446",NA,0,NA,NA
"447","135- 46 Lefferts Blvd, South Ozone Park, NY, 11420",99.14,599610.296447361,4502718.71494309
"448","1888 Fulton St, Brooklyn, NY, 11233",100,590948.675756305,4503666.03290193
"449","57 W Fordham Rd, Bronx, NY, 10468",100,592386.608611942,4524105.25779635
"450","2556 Boston Rd, Bronx, NY, 10467",100,595792.38658485,4524347.26401378
"451","89-2 37th Ave, Jackson Heights, NY, 11372",98.09,594737.740565458,4511652.66594153
"452","538 W 138th St, New York, NY, 10031",100,588372.399634658,4519444.85657491
"453","697 Columbus Ave, New York, NY, 10025",100,587037.346674155,4516104.87770656
"454","117 7 Ave S, New York, NY, 10014",100,584240.234352243,4509708.88705402
"455",NA,0,NA,NA
"456","99 Astoria Blvd, East Elmhurst, NY, 11369",99.82,595346.109428558,4512952.7216473
"457","84- 12 97 Ave, Ozone Park, NY, 11416",100,596683.580593904,4504226.57290772
"458","3611 14 Ave, Brooklyn, NY, 11218",100,586036.941383932,4499361.50699857
"459","510 7 Ave, Brooklyn, NY, 11215",100,585670.45692944,4501650.59059381
"460","760 4 Ave, Brooklyn, NY, 11232",100,584674.051087838,4501548.81861625
"461","1325 39 St, Brooklyn, NY, 11218",100,585778.302143796,4499328.07950825
"462","77-0 Queens Blvd, Elmhurst, NY, 11373",100,594026.524262018,4510293.31435701
"463","45 Washington St, Brooklyn, NY, 11201",100,585362.511384949,4506243.70863229
"464","1757 Randall Ave, Bronx, NY, 10473",100,595701.19751043,4519046.46393791
"465","235 E 106 St, New York, NY, 10029",100,589180.088304734,4516096.03118955
"466","85-8 37th Ave, Jackson Heights, NY, 11372",98.09,594424.143647147,4511605.45554655
"467","25- 19 Borden Ave, Long Island City, NY, 11101",98.93,589119.29833156,4510381.34578665
"468","47 Metropolitan Ave, Ridgewood, NY, 11385",95.63,591274.715280185,4507534.18282308
"469",NA,0,NA,NA
"470","602 Livonia Ave, Brooklyn, NY, 11207",100,593414.031346318,4502103.36767842
"471","148 E 170 St, Bronx, NY, 10452",100,591498.756298724,4521438.89131048
"472","3632 Broadway, New York, NY, 10031",100,588701.183134995,4520340.40077723
"473","107 Cross Bay Blvd, Ozone Park, NY, 11417",94.7,597669.489053273,4503653.5945959
"474","142- 41 Roosevelt Ave, Flushing, NY, 11354",100,599187.35887036,4512889.94644354
"475","560 Broadway, New York, NY, 10012",100,584633.011478224,4508594.39872628
"476",NA,0,NA,NA
"477","66- 82 Fresh Pond Rd, Ridgewood, NY, 11385",100,593177.356156324,4506733.38780257
"478","160-6 Northern Blvd, Flushing, NY, 11358",100,600817.14250301,4513115.771132
"479","2733 3 Ave, Bronx, NY, 10451",100,590984.399226394,4518706.79883127
"480","830 Lafayette Ave, Brooklyn, NY, 11221",100,589604.630598774,4505010.21795787
"481","1889 Nostrand Ave, Brooklyn, NY, 11226",100,588926.906020821,4499320.48733694
"482","192 Clymer St, Brooklyn, NY, 11211",100,587654.520847451,4506777.16777513
"483","1299 Fulton St, Brooklyn, NY, 11216",100,588796.108319855,4503820.6782486
"484","68- 18 Main St, Flushing, NY, 11367",100,599196.411120325,4509758.80609792
"485",NA,0,NA,NA
"486","5415 Church Ave, Brooklyn, NY, 11203",100,590801.329814829,4500743.55514732
"487","113- 18 Liberty Ave, South Richmond Hill, NY, 11419",100,598962.031910095,4504499.30896984
"488","1074 Lexington Ave, New York, NY, 10021",100,587717.458672662,4514066.9282133
"489","97- 27 57 Ave, Corona, NY, 11368",100,596014.825054444,4510255.92274872
"490","62-9 Roosevelt Ave, Woodside, NY, 11377",100,592690.665939759,4511117.58713121
"491","40- 24 College Point Blvd, Flushing, NY, 11354",100,598388.201555495,4512510.50904228
"492","710 Coney Island Ave, Brooklyn, NY, 11218",100,587152.515981665,4499343.16384842
"493","7510 5 Ave, Brooklyn, NY, 11209",100,582632.925077776,4498054.79825749
"494","64-1 Fresh Pond Rd, Ridgewood, NY, 11385",100,592977.479775707,4507184.08852328
"495","97 Avenue O, Brooklyn, NY, 11204",100,586168.35536547,4496032.81364144
"496",NA,0,NA,NA
"497","72 Wyckoff Ave, Brooklyn, NY, 11237",100,591212.178523468,4506550.31016169
"498","1682 St Johns Pl, Brooklyn, NY, 11233",100,591162.934283659,4502673.77463667
"499","809 Southern Blvd, Bronx, NY, 10459",100,593121.199289269,4519024.38467732
"500","40-19 Main St, Queens, NY, 11354",96,598752.080540449,4512724.77288391
"501","7 E 14th St, New York, NY, 10003",100,584993.413600155,4509935.37161869
"502","40- 12 28 Ave, Astoria, NY, 11103",100,591732.542998047,4513245.16496148
"503","1177 Hylan Blvd, Staten Island, NY, 10305",98.8,577651.323794309,4494612.12884398
"504","251 W 86 St, New York, NY, 10024",100,586339.401743217,4515788.57563415
"505","131 Driggs Ave, Brooklyn, NY, 11222",100,589197.336955577,4508547.73849237
"506","60- 44 55 St, Maspeth, NY, 11378",100,591984.65638889,4507693.55995636
"507","476 Marcus Garvey Blvd, Brooklyn, NY, 11216",100,589774.845815389,4503819.38624565
"508","90-1 Jamaica Ave, Woodhaven, NY, 11421",100,596769.660666876,4505295.90620366
"509","13 Hudson St, New York, NY, 10013",100,583673.020369436,4507743.26503798
"510","597 E 16 St, Brooklyn, NY, 11226",100,587751.034290714,4498828.20603586
"511","3550 White Plains Rd, Bronx, NY, 10467",100,595585.402774741,4525858.75933703
"512","1316 Amsterdam Ave, New York, NY, 10027",100,587948.51323836,4518453.08072339
"513","1415 Cortelyou Rd, Brooklyn, NY, 11226",100,587539.129348352,4499446.4417912
"514","8719 Avenue D, Brooklyn, NY, 11236",100,591843.918589889,4499937.7073968
"515","2220 Atlantic Ave, Brooklyn, NY, 11233",100,591939.411597702,4503356.35543063
"516","4008 Boston Rd, Bronx, NY, 10475",86.91,598344.597744403,4526583.15302915
"517","530 Amsterdam Ave, New York, NY, 10024",100,586446.333503259,4515667.64580393
"518","450 N End Ave, New York, NY, 10282",95,583270.409208265,4507816.45659361
"519","5311 Church Ave, Brooklyn, NY, 11203",100,590712.27213381,4500733.49892054
"520","339 Gateway Dr, Brooklyn, NY, 11239",100,595248.757827861,4500601.92858196
"521","3471 Boston Rd, Bronx, NY, 10469",86.91,597089.17380217,4525704.1622098
"522","1717 Avenue Z, Brooklyn, NY, 11235",100,588705.248418161,4493592.44226133
"523","2711 White Plains Rd, Bronx, NY, 10467",100,595435.332928958,4524503.061465
"524","1718 Madison Ave, New York, NY, 10029",100,588897.715711053,4516913.80322207
"525","249- 12 Hillside Ave, Bellerose, NY, 11426",100,608262.255918909,4510144.76934847
"526","46-11 Queens Blvd, Sunnyside, NY, 11104",88.33,591295.313924742,4510829.37971508
"527","74 Grand Ave, Maspeth, NY, 11378",95.63,593901.46776731,4509383.56914889
"528","1211 Madison Ave, New York, NY, 10128",100,587918.221118249,4515039.05756636
"529","1313 3 Ave, New York, NY, 10021",100,587861.266007333,4513946.409849
"530","90-001 Roosevelt Ave, Jackson Heights, NY, 11372",88.33,594848.958820468,4511442.6368687
"531","119- 14 Sutphin Blvd, Jamaica, NY, 11436",95,602111.910413143,4503762.29946565
"532","1488 Pitkin Ave, Brooklyn, NY, 11212",100,591380.994755997,4502503.88859279
"533","81- 29 Lefferts Blvd, Kew Gardens, NY, 11415",100,598795.519886648,4507078.56655237
"534","985 Richmond Ave, Staten Island, NY, 10314",98.8,572045.611022347,4497276.033193
"535","214 3 St, Brooklyn, NY, 11215",100,585483.750159253,4503192.18876285
"536","1789 Richmond Rd, Staten Island, NY, 10306",98.8,575778.100562461,4493270.46195939
"537","431 W 37 St, New York, NY, 10018",97.88,584716.358012447,4512157.47129364
"538","30- 92 31 St, Astoria, NY, 11102",100,590866.859875258,4513196.85063462
"539","20- 20 New Haven Ave, Far Rockaway, NY, 11691",100,605403.958616551,4495198.27848785
"540","79- 14 21 Ave, East Elmhurst, NY, 11370",99.82,593644.641528836,4513889.49588467
"541","1791 Jerome Ave, Bronx, NY, 10453",100,591749.645074613,4522557.72842628
"542",NA,0,NA,NA
"543","200 Malcolm X Blvd, Brooklyn, NY, 11221",100,590420.8637488,4504511.99857843
"544","114- 11 Lefferts Blvd, South Ozone Park, NY, 11420",99.14,599712.586871965,4503717.18634355
"545","2578 Pitkin Ave, Brooklyn, NY, 11208",100,594904.737760966,4503242.68144591
"546","366 New Lots Ave, Brooklyn, NY, 11207",100,593530.097649506,4501771.95657789
"547","97- 36 63 Rd, Rego Park, NY, 11374",100,596307.550130358,4509578.06558339
"548","2257 E 16 St, Brooklyn, NY, 11229",100,588449.102661424,4494372.72974968
"549","1801 South Ave, Staten Island, NY, 10314",98.8,568222.61544122,4494766.65075088
"550","39- 24 104 St, Corona, NY, 11368",100,596069.805129005,4511647.62388766
"551","2217 86 St, Brooklyn, NY, 11214",100,585189.132340165,4495034.30109439
"552","6511 Bay Pkwy, Brooklyn, NY, 11204",100,586163.412657669,4496381.17897939
"553","99- 30 Corona Ave, Corona, NY, 11368",100,596062.686768805,4510950.32084354
"554","412 E 83rd St, Brooklyn, NY, 11236",100,591518.169307524,4499668.80702312
"555","30 30th Ave, Astoria, NY, 11102",95.63,590962.951348535,4513474.4140514
"556","1188 Flatbush Ave, Brooklyn, NY, 11226",100,588225.405106153,4499459.5017191
"557","414 Flushing Ave, Brooklyn, NY, 11205",100,588016.627304687,4505829.70991788
"558","157- 11 Linden Blvd, Jamaica, NY, 11433",95,602236.683334933,4504826.49020085
"559","76 Apollo St, Brooklyn, NY, 11222",100,589691.787307301,4508975.67949481
"560","25 University Pl, New York, NY, 10003",100,584918.182040076,4509477.0507031
"561","276 Mcguinness Blvd, Brooklyn, NY, 11222",100,588527.667961802,4509498.73495642
"562",NA,0,NA,NA
"563","127- 16 111 Ave, South Ozone Park, NY, 11420",99.14,600266.115498689,4504200.45305191
"564","2005 3rd Ave, New York, NY, 10029",90.49,589194.209190793,4516439.72342822
"565","104- 19 Queens Blvd, Forest Hills, NY, 11375",100,597258.521906454,4508730.42112598
"566","251-8 Hillside Ave, Bellerose, NY, 11426",100,608376.629509598,4510190.28479989
"567","120- 65 168 St, Jamaica, NY, 11434",100,603456.646833398,4504055.03277088
"568","15- 19 College Point Blvd, College Point, NY, 11356",100,597396.017354104,4515371.40680917
"569","2080 White Plains Rd, Bronx, NY, 10462",100,595452.203031165,4523044.66170246
"570","330 Utica Ave, Brooklyn, NY, 11213",100,590317.79976829,4502305.47150287
"571","9105 3 Ave, Brooklyn, NY, 11209",100,581852.119142385,4497032.02568053
"572",NA,0,NA,NA
"573","4918 Broadway, New York, NY, 10034",100,590757.762215536,4524549.53440868
"574","6614 18 Ave, Brooklyn, NY, 11204",100,585325.689645546,4496871.81731479
"575","28 W 57 St, New York, NY, 10019",100,586455.147102997,4513011.09846534
"576","84-5 Parsons Blvd, Jamaica, NY, 11432",100,600743.643981386,4507719.31935544
"577","1418 Avenue U, Brooklyn, NY, 11229",100,588274.097981646,4494730.94373943
"578","37- 11 Main St, Flushing, NY, 11354",100,598687.329040929,4512910.71724255
"579","35- 60 Junction Blvd, Corona, NY, 11368",100,595302.668091062,4511795.89974209
"580","3717 Boston Rd, Bronx, NY, 10466",86.91,597662.932772749,4526143.30584102
"581","269 49 St, Brooklyn, NY, 11220",100,583319.949703528,4500223.8078716
"582","130- 10 Metropolitan Ave, Richmond Hill, NY, 11418",100,599540.001611724,4506479.70261196
"583","116- 34 Queens Blvd, Forest Hills, NY, 11375",100,598576.587106585,4507800.14608504
"584","35 Richman Plz, Bronx, NY, 10453",100,590827.400294729,4522874.24075289
"585","599 Avenue Z, Brooklyn, NY, 11223",100,587021.562841944,4493335.62992982
"586","261 Kingston Ave, Brooklyn, NY, 11213",100,589427.478066959,4502746.45597457
"587","171-2 Northern Blvd, Flushing, NY, 11358",100,601644.224484355,4512594.33974841
"588","1007 Brighton Beach Avenue, Brooklyn, NY, 11235",100,588095.530007109,4492462.15364275
"589","10 Hudson St, New York, NY, 10013",86.11,583693.429677703,4507746.03988776
"590","63- 76 Woodhaven Blvd, New York, NY, 11379",95,595619.233501656,4508562.56772368
"591","3550 Broadway, New York, NY, 10031",100,588546.076946504,4520052.25120221
"592","2945 Bruckner Blvd, Bronx, NY, 10461",100,598909.257292799,4521050.43457653
"593","2271 Mcdonald Ave, Brooklyn, NY, 11223",100,586892.35431767,4494514.7924689
"594","1490 Clove Rd, Staten Island, NY, 10301",98.8,576215.511874088,4496068.63064169
"595","3795 10 Ave, New York, NY, 10034",100,590979.996541184,4524003.92040193
"596","770 3 Ave, Brooklyn, NY, 11232",100,584472.589150208,4501656.60622538
"597","1334 Louis Nine Blvd, Bronx, NY, 10459",100,593401.596846594,4520678.79856888
"598","195- 25 69 Ave, Fresh Meadows, NY, 11365",100,603190.922150335,4510301.81765604
"599","4808 4 Ave, Brooklyn, NY, 11220",100,583549.366634914,4500094.7227871
"600","47- 33 Bell Blvd, New York, NY, 11364",95,604072.41379329,4512403.89822564
"601","17 Battery Pl, New York, NY, 10004",100,583123.293687698,4506491.43761964
"602","1102 Myrtle Ave, Brooklyn, NY, 11206",100,589865.425920266,4505636.91345226
"603","94-6 63rd Dr, Rego Park, NY, 11374",100,596000.27333301,4509257.09450718
"604","171- 11 Linden Blvd, Jamaica, NY, 11433",95,603194.798159183,4505274.56011548
"605","5 St James Pl, New York, NY, 10038",100,584447.300455533,4507149.0835796
"606","82- 66 Broadway, Elmhurst, NY, 11373",100,594453.065055937,4510665.77570986
"607","41- 79 Main St, Flushing, NY, 11355",100,598958.995291697,4512303.17137149
"608","44- 24 Kissena Blvd, Flushing, NY, 11355",100,599405.205380427,4512046.62237816
"609","42 Avenue C, New York, NY, 10009",100,586125.768644043,4508393.94899478
"610","19- 30 37 St, Astoria, NY, 11105",100,592676.305891444,4514799.74076524
"611","1067 Brighton Beach Avenue, Brooklyn, NY, 11235",100,588227.725773871,4492477.45194519
"612","78 3rd Ave, New York, NY, 10003",100,585433.205115699,4509488.74321513
"613","801 E Gun Hill Rd, Bronx, NY, 10467",100,595899.441784663,4525625.14545339
"614","517 E 117 St, New York, NY, 10035",100,590115.473752254,4516601.67341396
"615","5414 New Utrecht Ave, Brooklyn, NY, 11219",100,584949.453449046,4498398.80844411
"616","110- 14 Farmers Blvd, Saint Albans, NY, 11412",100,604173.708470399,4506505.76486254
"617","111 Hudson St, New York, NY, 10013",100,583713.294652462,4508112.0290136
"618","2795 FRONT Richmond Ave, Staten Island, NY, 10314",98.8,570333.85524192,4492153.00284781
"619","5665 Broadway, Bronx, NY, 10463",100,592386.839625517,4526138.89355617
"620","2400 Ryer Ave, Bronx, NY, 10458",100,592900.530123077,4523791.04440003
"621","2870 Webster Ave, Bronx, NY, 10458",100,594070.324776525,4524606.18780258
"622","84-1 37th Ave, Jackson Heights, NY, 11372",98.09,594344.866278401,4511605.65330237
"623","222- 51 Jamaica Ave, Queens Village, NY, 11428",97.33,607156.09566114,4508632.10546205
"624",NA,0,NA,NA
"625",NA,0,NA,NA
"626","641 Timpson Pl, Bronx, NY, 10455",100,592721.830479449,4518515.03925974
"627","248 E 174 St, Bronx, NY, 10457",100,592149.456714162,4522082.84368504
"628",NA,0,NA,NA
"629","5683 Riverdale Ave, Bronx, NY, 10471",100,592235.667051102,4528985.66981312
"630","144- 50 Northern Blvd, Flushing, NY, 11354",100,599473.500491753,4513310.57158214
"631","46- 20 108 St, Corona, NY, 11368",100,596508.032779128,4511266.11269822
"632","3579 Victory Blvd, Staten Island, NY, 10314",98.8,569644.411196631,4494792.60602033
"633","20 Mott Ave, Far Rockaway, NY, 11691",95.63,605424.531396326,4495633.03704659
"634","346 Central Ave, Brooklyn, NY, 11221",100,591263.32373577,4505450.59346003
"635","108- 79 Roosevelt Ave, Corona, NY, 11368",100,596559.71289711,4511813.5434002
"636","307 W 26 St, New York, NY, 10001",100,584640.689432058,4511207.69276868
"637","303 10 Ave, New York, NY, 10001",100,584226.985150021,4511551.44784644
"638","224 E 59 St, New York, NY, 10022",100,587319.085610339,4512738.79855708
"639","2444 7th Ave, New York, NY, 10030",100,589337.037860491,4519310.60859189
"640","382 Metropolitan Ave, Brooklyn, NY, 11211",100,588227.388371827,4507527.92024063
"641",NA,0,NA,NA
"642","500 Columbus Ave, New York, NY, 10024",96.19,586644.116935676,4515455.83961339
"643","2500 Victory Blvd, Staten Island, NY, 10314",98.8,572208.156514446,4495799.15861121
"644","751 Lydig Ave, Bronx, NY, 10462",100,595613.242558043,4523230.47970628
"645","447 Broadway, New York, NY, 10013",97.15,584356.876707701,4508203.71184711
"646","2205 Linden Blvd, Brooklyn, NY, 11207",100,594557.075408035,4501933.58038635
"647","75-1 Broadway, Elmhurst, NY, 11373",100,593691.449234378,4511178.1607508
"648","3680 E Tremont Ave, Bronx, NY, 10465",100,599232.760018593,4520248.89898872
"649","1384 Nelson Ave, Bronx, NY, 10452",100,590828.206767907,4521707.89949149
"650","206- 16 Hollis Ave, Queens Village, NY, 11429",97.33,605545.313614413,4507018.23742101
"651","2589 Broadway, New York, NY, 10025",100,586782.139059687,4516594.29171558
"652","1975 Utica Ave, Brooklyn, NY, 11234",100,590736.301742808,4497547.68298513
"653",NA,0,NA,NA
"654","1225 Amsterdam Ave, New York, NY, 10027",100,587817.313219094,4518139.45317938
"655","592 Lenox Ave, New York, NY, 10037",100,589534.829522226,4518996.8082322
"656","1533 Broadway, Brooklyn, NY, 11221",100,591557.859261677,4504517.58628545
"657","25-3 Parsons Blvd, Flushing, NY, 11354",100,599214.011262827,4514631.00912161
"658",NA,0,NA,NA
"659","72- 15 Kissena Blvd, Flushing, NY, 11367",100,600154.558861847,4509252.81001283
"660",NA,0,NA,NA
"661",NA,0,NA,NA
"662","2900 Veterans Rd W, Staten Island, NY, 10309",90.49,565141.273312752,4486625.96885015
"663","72- 51 Main St, Flushing, NY, 11367",100,599590.546083801,4508913.21897005
"664","116- 15 Metropolitan Ave, Kew Gardens, NY, 11415",100,598361.867737415,4506938.95616996
"665","4003 Church Ave, Brooklyn, NY, 11203",100,589625.236811422,4500601.30315378
"666","1410 St Johns Pl, Brooklyn, NY, 11213",100,590303.900449934,4502724.64005216
"667","2002 Mermaid Ave, Brooklyn, NY, 11224",100,585737.130865092,4492210.05671054
"668","495 Lorimer St, Brooklyn, NY, 11211",100,588766.433398606,4507285.70671952
"669","966 1 Ave, New York, NY, 10022",95.86,587411.015323392,4512173.27981381
"670","3485 Neptune Ave, Brooklyn, NY, 11224",100,584495.902808527,4492311.59003787
"671","24- 18 34 Ave, Astoria, NY, 11106",100,590239.571869956,4512801.03689024
"672","2565 Atlantic Ave, Brooklyn, NY, 11207",100,592995.97375498,4503349.04779611
"673","43- 44 21 St, Long Island City, NY, 11101",98.93,588920.008933922,4511505.60231503
"674","144- 28 Lakewood Ave, Jamaica, NY, 11435",100,601121.767082653,4505013.69895944
"675","470 W 42 St, New York, NY, 10036",100,584859.482313712,4512501.61314936
"676","575 Grand St, Brooklyn, NY, 11211",100,588830.943023584,4507248.80645694
"677","218 Conover St, Brooklyn, NY, 11231",100,583219.370977099,4503405.6737343
"678","201 E 10 St, New York, NY, 10003",100,585589.250017936,4509248.99160921
"679","1176 Liberty Ave, Brooklyn, NY, 11208",100,595855.966296877,4503720.51098808
"680","108- 54 Guy R Brewer Blvd, Jamaica, NY, 11433",100,602198.737948944,4505621.73036028
"681","132-5 Merrick Blvd, Jamaica, NY, 11434",100,604808.491084104,4503870.92134038
"682","106- 57 160 St, Jamaica, NY, 11433",100,601844.951332357,4505889.62758333
"683","844 Dekalb Ave, Brooklyn, NY, 11221",100,589397.00490185,4505143.19550985
"684","1477 West Ave, Bronx, NY, 10462",100,595978.673069178,4521255.53253372
"685","10- 40 44 Dr, Long Island City, NY, 11101",98.93,588622.757733025,4511370.09013305
"686","71 Avenue D, New York, NY, 10009",100,586399.153075114,4508455.25260129
"687","94- 53 Corona Ave, Elmhurst, NY, 11373",100,595554.197200316,4510783.55371123
"688","317 9 Ave, New York, NY, 10001",100,584503.193984408,4511486.89707487
"689","40 Nostrand Ave, Brooklyn, NY, 11205",100,588424.291267202,4505837.94746535
"690","153- 30 89 Ave, Jamaica, NY, 11432",100,601151.030537995,4506740.68720777
"691","187 Troy Ave, Brooklyn, NY, 11213",100,589911.575936451,4502977.98784073
"692","21- 15 Broadway, Astoria, NY, 11106",100,590253.314831266,4513271.55638479
"693","141 32 St, Brooklyn, NY, 11232",100,584315.763034224,4501158.6831014
"694","976 3 Ave, Brooklyn, NY, 11232",100,583793.785613287,4501001.75823359
"695","590 Gateway Dr, Brooklyn, NY, 11239",100,595597.483413785,4501077.44327262
"696","166-2 Baisley Blvd, Jamaica, NY, 11434",100,603341.338595914,4503906.65647407
"697","4 Union Sq S, New York, NY, 10003",100,585143.772338522,4509760.81405154
"698","71 S End Ave, New York, NY, 10280",100,582960.295583101,4506810.87506227
"699","355 1st Ave, New York, NY, 10010",86.15,586158.450013945,4509895.62519379
"700","4037 Broadway, New York, NY, 10032",95.96,589406.34517795,4521798.53720159
"701","1157 Sutter Ave, Brooklyn, NY, 11208",100,595061.71365563,4503001.9598445
"702","119 Einstein Loop E, Bronx, NY, 10475",93.2,599275.412574565,4524416.55487261
"703","651 Nostrand Ave, Brooklyn, NY, 11216",100,588743.870399729,4503201.03296648
"704","107-8 Jamaica Ave, Richmond Hill, NY, 11418",100,597980.853229628,4505583.42727735
"705","45-3 Junction Blvd, Corona, NY, 11368",88.33,595591.251113356,4511026.00339002
"706","1239 St Nicholas Ave, New York, NY, 10032",100,589507.27776506,4521922.22385339
"707","29 Belmont Ave, Brooklyn, NY, 11212",100,592187.821795378,4502550.9602926
"708","2149 Ralph Ave, Brooklyn, NY, 11234",100,591694.951472738,4497801.37640506
"709","306 E 170 St, Bronx, NY, 10456",100,591875.873032266,4521260.05999777
"710","200 Moore St, Brooklyn, NY, 11206",100,589832.228850849,4506467.66311951
"711","128 Church Ave, Brooklyn, NY, 11218",100,586339.693919142,4499624.41617323
"712","1887 Nostrand Ave, Brooklyn, NY, 11226",100,588941.627352702,4499264.41750304
"713","322 Flatbush Ave, Brooklyn, NY, 11217",95,586828.470120872,4503413.04720336
"714","4776 Broadway, New York, NY, 10034",100,590471.276551787,4524397.97307222
"715","202 E 96 St, New York, NY, 10128",100,588680.017328713,4515401.89643292
"716","147- 26 Brookville Blvd, Rosedale, NY, 11422",100,606087.247131864,4501404.88784181
"717","778 A Manor Rd, Staten Island, NY, 10314",98.8,574326.14435603,4495613.43112988
"718","2937 Westchester Ave, Bronx, NY, 10461",100,598393.542382974,4522413.56352285
"719","1567 Fulton St, Brooklyn, NY, 11216",100,589696.593229101,4503767.50039472
"720","184 Wallabout St, Brooklyn, NY, 11206",100,588224.318836157,4505953.28958854
"721",NA,0,NA,NA
"722","31-0 47th Ave, Long Island City, NY, 11101",96.17,589851.150308091,4510774.7772572
"723","31-0 47th Ave, Long Island City, NY, 11101",98.93,589851.150308091,4510774.7772572
"724","168-7 Hillside Ave, Jamaica, NY, 11432",100,601807.990908224,4507271.47966475
"725","1016 St Nicholas Ave, New York, NY, 10032",100,589406.21350886,4520992.42611289
"726","75 W End Ave, New York, NY, 10023",100,585296.878802703,4514185.0847633
"727","105-2 Merrick Blvd, Jamaica, NY, 11433",100,602253.44918617,4506241.55483242
"728","1551 3 Ave, New York, NY, 10128",100,588340.064195937,4514833.67024398
"729","37 Union St, Queens, NY, 11354",96,598957.831137327,4513039.22254464
"730","935 E 107th St, Brooklyn, NY, 11236",100,593644.59948748,4500244.02833731
"731","639 Grand St, Brooklyn, NY, 11211",100,588983.432288904,4507267.08377255
"732","4 19 St, Brooklyn, NY, 11232",100,584479.584070636,4502308.87844058
"733","36- 16 23 St, Astoria, NY, 11106",100,589841.684337403,4512511.25791023
"734","65 E Burnside Ave, Bronx, NY, 10453",100,592220.072493207,4523059.53208035
"735","1720 Eastchester Rd, Bronx, NY, 10461",99.29,597456.420549325,4522410.29648355
"736","1237 Avenue U, Brooklyn, NY, 11229",100,588104.137873894,4494732.21928374
"737","38 Brooklyn Terminal Market, Brooklyn, NY, 11236",100,591409.952801498,4499870.04092865
"738","3 Sheridan Square, New York, NY, 10014",96.39,584243.024091096,4509587.13429199
"739","3871 Broadway, New York, NY, 10032",100,589106.79799729,4521195.28703461
"740","92- 10 Atlantic Ave, Ozone Park, NY, 11416",100,597163.637868184,4504713.84729401
"741","1644 York Ave, New York, NY, 10128",100,588887.914593137,4514454.45503431
"742","2328 12 Ave, New York, NY, 10027",100,587758.679327275,4519256.69832869
"743","254-31 Horace Harding Expy, Little Neck, NY, 11362",100,607455.243378557,4513326.34044792
"744","1535 Unionport Rd, Bronx, NY, 10462",100,596333.78519662,4521241.41236284
"745","600 W 42 St, New York, NY, 10036",100,584505.1854794,4512684.79777138
"746","790 11 Ave, New York, NY, 10019",100,585050.641145019,4513573.32548135
"747","70 Nagle Ave, New York, NY, 10040",100,590304.627726818,4523797.95706059
"748","38-50 21st St, Long Island City, NY, 11101",98.93,589469.39815923,4512270.87543723
"749","1781 Broadway, Brooklyn, NY, 11207",100,592172.420562389,4504061.3687419
"750","4343 Amboy Rd, Staten Island, NY, 10312",98.8,571090.409376722,4488705.8896025
"751","748 2 Ave, New York, NY, 10017",100,586712.354441775,4511358.84888446
"752","1750 University Ave, Bronx, NY, 10453",100,591295.245260874,4522572.79259973
"753","997 Broadway, Brooklyn, NY, 11221",100,590100.265972313,4505577.98330499
"754","90 Clinton St, New York, NY, 10002",100,585693.663097674,4507984.17914562
"755","148 E Burnside Ave, Bronx, NY, 10453",100,592344.022483183,4522942.23137944
"756","1125 Fulton St, Brooklyn, NY, 11238",100,588169.034276825,4503920.98540753
"757","2136 Bartow Ave, Bronx, NY, 10475",100,598876.282414972,4524800.32912453
"758","23- 38 31 St, Astoria, NY, 11105",100,591648.554577008,4514218.44641908
"759","7918 3 Ave, Brooklyn, NY, 11209",100,582093.10649509,4497929.91835456
"760","6401 18 Ave, Brooklyn, NY, 11204",100,585460.403583662,4497006.481877
"761","226 E 57 St, New York, NY, 10022",100,587256.287683536,4512577.33933497
"762","181 Hillside Ave, Jamaica, NY, 11432",95.63,602854.305987456,4507624.54634071
"763","250 Willis Ave, Bronx, NY, 10454",100,590871.402458877,4518132.40888304
"764","242 Bay Ridge Ave, Brooklyn, NY, 11209",95,582264.004745111,4498803.85548345
"765","1272 Saint Nicholas Ave, New York, NY, 10033",100,589612.759620228,4522064.62256627
"766","2300 Randall Ave, Bronx, NY, 10473",100,597458.700070453,4519343.74805608
"767","1411 3 Ave, New York, NY, 10075",95,588058.539222025,4514311.42125554
"768","724 Hunts Point Ave, Bronx, NY, 10474",100,593906.885210322,4518866.71917088
"769","331 Myrtle Ave, Brooklyn, NY, 11205",100,586726.023339223,4505228.00686271
"770","656 Castle Hill Avenue, Bronx, NY, 10473",100,597156.157417986,4519430.0818328
"771","369 E 204 St, Bronx, NY, 10467",100,594624.193726867,4525108.69813425
"772",NA,0,NA,NA
"773","1994 Bruckner Blvd, Bronx, NY, 10473",100,596414.704081989,4519850.21321231
"774","1968 2 Ave, New York, NY, 10029",100,589057.06822771,4515706.99017401
"775","2339 65 St, Brooklyn, NY, 11204",100,586448.415520751,4496189.62329879
"776","202 Mott St, New York, NY, 10012",100,584839.616739698,4508315.14504418
"777","1505 1 Ave, New York, NY, 10075",100,588354.983949743,4513993.72019904
"778","1598 Flatbush Ave, Brooklyn, NY, 11210",100,589105.407242523,4498368.67268105
"779","775 Morris Park Ave, Bronx, NY, 10462",100,595814.565600922,4522266.50044254
"780","3035 White Plains Rd, Bronx, NY, 10467",100,595440.599692574,4524965.84540048
"781","4045 Amboy Rd, Staten Island, NY, 10308",98.8,571848.321349019,4489103.29160528
"782","3734 White Plains Rd, Bronx, NY, 10467",100,595752.097105155,4526296.53697669
"783","224 Mcguinness Blvd, Brooklyn, NY, 11222",100,588586.507586575,4509305.20608149
"784","1314 St Nicholas Ave, New York, NY, 10033",100,589691.161879122,4522192.35122166
"785","1114 Lexington Ave, New York, NY, 10075",100,587793.053189188,4514207.69070026
"786","120 5 Ave, Brooklyn, NY, 11217",100,586313.800334453,4503665.86831557
"787","71 W 104th St, New York, NY, 10025",100,587448.942786479,4516825.16519863
"788","1187 Jerome Ave, Bronx, NY, 10452",100,590799.494676882,4521095.67936772
"789","2901 Mermaid Ave, Brooklyn, NY, 11224",100,584981.68768824,4492154.5417303
"790","140 W 57 St, New York, NY, 10019",100,586184.040445864,4513155.72873183
"791","17 Ridgewood Pl, Brooklyn, NY, 11237",100,592003.32533338,4505848.54002764
"792","2109 Starling Ave, Bronx, NY, 10462",100,596555.886264171,4521208.06716569
"793","455 A Myrtle Ave, Brooklyn, NY, 11205",100,587253.382734229,4505236.92744358
"794","333 Seneca Ave, Ridgewood, NY, 11385",100,591604.354909224,4506865.31200183
"795","1654 2 Ave, New York, NY, 10028",100,588458.344185706,4514597.48058375
"796","13 W 100th St, New York, NY, 10025",100,587465.546102243,4516453.56719919
"797","961 E 174 St, Bronx, NY, 10460",100,594112.223156801,4521363.37085782
"798","121 Bowery, New York, NY, 10002",100,584898.110733108,4507948.21620651
"799","111 Dreiser Loop, Bronx, NY, 10475",100,598719.439840351,4525773.70110463
"800","465 Johnson Ave, Brooklyn, NY, 11237",100,590406.964430445,4506923.1065032
"801","8671 18 Ave, Brooklyn, NY, 11214",100,584277.282742554,4495491.34096581
"802","655 Stanley Ave, Brooklyn, NY, 11207",100,594315.38033397,4501536.93548084
"803","81 Elizabeth St, New York, NY, 10013",100,584782.636940828,4507942.11005244
"804","1406 Avenue U, Brooklyn, NY, 11229",100,588246.735498797,4494726.58220081
"805","542 2nd Ave, New York, NY, 10016",100,586318.395045433,4510648.99669686
"806","570 Tompkins Ave, Staten Island, NY, 10305",98.8,578560.803348293,4496093.0522503
"807","111 Lawrence St, Brooklyn, NY, 11201",100,585664.63057219,4505136.57913806
"808","410 Avenue Of The Americas, New York, NY, 10011",100,584508.617105069,4509693.11145112
"809","278 E 149 St, Bronx, NY, 10451",100,590876.957248628,4519016.79724598
"810","2079 Benedict Ave, Bronx, NY, 10462",100,596529.749949726,4521056.68885832
"811","421 W 125 St, New York, NY, 10027",100,588150.386641897,4518414.02437945
"812","950 Westchester Ave, Bronx, NY, 10459",100,593095.457982096,4519623.76706477
"813","2927 Frederick Douglass Blvd, New York, NY, 10039",99.51,589599.972804702,4520360.62021192
"814","150 Myrtle Ave, Brooklyn, NY, 11201",100,585962.803456719,4505227.31559998
"815","117- 10 Rockaway Blvd, South Ozone Park, NY, 11420",99.14,599674.476899613,4503481.83607378
"816","375 Tompkins Ave, Staten Island, NY, 10305",98.8,578340.504501418,4496617.57253054
"817","220- 46 Hillside Ave, Queens Village, NY, 11427",97.33,606218.883304991,4509660.50689261
"818","208 Crescent St, Brooklyn, NY, 11208",100,595275.552487757,4504319.61357872
"819","1140 Mcdonald Ave, Brooklyn, NY, 11230",100,586575.311606623,4497659.08326493
"820","4921 12 Ave, Brooklyn, NY, 11219",100,585017.962522645,4498818.89867703
"821","1710 Avenue Y, Brooklyn, NY, 11235",100,588639.101158871,4493752.42020617
"822","640 Courtlandt Ave, Bronx, NY, 10455",95,591216.21911868,4519207.67628047
"823","1514 Crosby Ave, Bronx, NY, 10461",100,598634.003059317,4521955.80770076
"824","492 Broome St, New York, NY, 10012",95,584232.413042891,4508509.06688463
"825","2891 Sedgwick Ave, Bronx, NY, 10468",100,592564.395393922,4525451.19412633
"826","941 8 Ave, New York, NY, 10019",100,585777.372230845,4513272.00899729
"827","766 6th Ave, New York, NY, 10010",100,585137.073673548,4510856.95099981
"828","731 9 Ave, New York, NY, 10019",100,585302.968498134,4512968.69278891
"829","97 Catherine St, New York, NY, 10002",95,584776.835271532,4507089.77488369
"830","3010 Veterans Rd W, Staten Island, NY, 10309",98.8,564785.451441555,4486742.82690441
"831","783 Saratoga Ave, Brooklyn, NY, 11212",100,591704.308207474,4501748.9309457
"832","754 Co Op City Blvd, Bronx, NY, 10475",100,598920.19871543,4525998.22777803
"833","2975 Richmond Ave, Staten Island, NY, 10314",98.8,570426.072981109,4491676.84627033
"834","608 Sheepshead Bay Rd, Brooklyn, NY, 11224",100,586758.701961596,4492505.86778076
"835","146 E 98 St, Brooklyn, NY, 11212",100,591174.010945888,4501935.83521953
"836","1815 86 St, Brooklyn, NY, 11214",100,584427.196231293,4495619.79239281
"837","238 W 116 St, New York, NY, 10026",100,588207.17716645,4517501.87852639
"838",NA,0,NA,NA
"839","3100 Ocean Ave, Brooklyn, NY, 11235",100,588910.569906004,4493273.16117575
"840","9530 Church Ave, Brooklyn, NY, 11212",100,591684.22044187,4501083.39306964
"841","125 E 116 St, New York, NY, 10029",100,589260.373532606,4516972.1243998
"842","2502 86 St, Brooklyn, NY, 11214",100,585706.871662254,4494576.46297912
"843","668 Crescent Ave, Bronx, NY, 10458",100,593917.821974143,4523157.47742497
"844","40 W Burnside Ave, Bronx, NY, 10453",100,591920.821411129,4523111.10208501
"845",NA,0,NA,NA
"846","300 Sand Ln, Staten Island, NY, 10305",98.8,578846.080891281,4493908.5879767
"847","630 Flushing Ave, Brooklyn, NY, 11206",97.75,588859.391776429,4505974.41424823
"848","288 Court St, Brooklyn, NY, 11231",100,584914.552910772,4504198.98823328
"849","15 E Kingsbridge Rd, Bronx, NY, 10468",100,592981.16098231,4524619.00432841
"850","70- 63 Parsons Blvd, Fresh Meadows, NY, 11365",100,600453.6040541,4509547.10688851
"851","57 Kingsland Ave, Brooklyn, NY, 11211",100,589483.931189468,4507978.03102617
"852","231 Neptune Ave, Brooklyn, NY, 11235",100,587815.741419327,4492832.10264018
"853","359 Audubon Ave, New York, NY, 10033",100,590092.324680298,4522660.74755212
"854","155 W 66 St, New York, NY, 10023",100,585807.837166636,4514209.70688321
"855","36- 29 College Point Blvd, Flushing, NY, 11354",100,598342.314877491,4512853.30951913
"856","410 Knickerbocker Ave, Brooklyn, NY, 11237",100,591233.912152702,4505978.50421935
"857","802 Manhattan Ave, Brooklyn, NY, 11222",100,588412.539800884,4509087.07154529
"858","1635 Lexington Ave, New York, NY, 10029",100,588814.599597738,4516046.42485974
"859","2358 University Ave, Bronx, NY, 10468",100,592227.526160371,4523995.68335227
"860","180 Riverside Blvd, New York, NY, 10069",100,585374.316686494,4514680.89295252
"861","6301 8 Ave, Brooklyn, NY, 11220",100,583596.602921095,4498538.33653335
"862","367 Waverly Ave, Brooklyn, NY, 11238",100,587331.018121656,4504530.38287518
"863","2463 Frederick Douglass Blvd, New York, NY, 10027",99.51,588712.811161541,4518714.74835261
"864",NA,0,NA,NA
"865","207 Broad St, Staten Island, NY, 10304",98.8,577668.292648335,4497431.5508474
"866","572 W 207 St, New York, NY, 10034",100,590958.098325587,4524496.83187116
"867","2720 Church Ave, Brooklyn, NY, 11226",100,588626.419779602,4500497.80301941
"868","564 Southern Blvd, Bronx, NY, 10455",100,592542.480719688,4518507.84683568
"869","4909 13 Ave, Brooklyn, NY, 11219",100,585215.392094382,4498687.96199595
"870","1610 Cortelyou Rd, Brooklyn, NY, 11226",100,587666.033663543,4499487.23452127
"871","2019 Southern Blvd, Bronx, NY, 10460",100,593949.949232201,4522081.18959209
"872","555 2 Ave, New York, NY, 10016",100,586318.449899208,4510699.55706087
"873","385 Broadway, Brooklyn, NY, 11211",100,588324.667141678,4506795.49446665
"874","1029 Brighton Beach Avenue, Brooklyn, NY, 11235",100,588154.048688474,4492479.04843291
"875","633 Columbus Ave, New York, NY, 10024",100,586922.366640963,4515891.40919375
"876","106 Ferris St, Brooklyn, NY, 11231",100,583040.506747109,4503460.92537636
"877","1312 39 St, Brooklyn, NY, 11218",100,585749.063376409,4499316.01532784
"878","2212 3 Ave, New York, NY, 10035",100,589580.016708188,4517203.17073618
"879","246 Mercer St, New York, NY, 10012",100,584836.703561073,4509078.50482509
"880","34 34 St, Brooklyn, NY, 11232",96.41,583928.302047767,4501232.6811302
"881","917 9 Ave, New York, NY, 10019",100,585646.262734079,4513606.4484869
"882","88- 11 Liberty Ave, Ozone Park, NY, 11417",100,597176.722484043,4503876.70344657
"883","800 Food Center Dr, Bronx, NY, 10474",95.95,594773.613456516,4517631.6054977
"884","96 Sherman Ave, New York, NY, 10034",100,590555.100386463,4524208.83042386
"885","2630 Frederick Douglass Blvd, New York, NY, 10030",100,589043.972113906,4519280.45368514
"886","59 E 167 St, Bronx, NY, 10452",100,590999.491795881,4521076.23348893
"887","311 E 23 St, New York, NY, 10010",100,586133.339616742,4510137.14077054
"888","2869 Fulton St, Brooklyn, NY, 11207",100,593935.803034301,4503699.68258384
"889","1630 Bruckner Blvd, Bronx, NY, 10473",100,594966.870763951,4519690.28464338
"890","2244 White Plains Rd, Bronx, NY, 10467",100,595460.037342044,4523684.86973725
"891","150 William St, New York, NY, 10038",100,583940.218100448,4506994.73448838
"892","380 Malcolm X Blvd, New York, NY, 10027",100,589110.915949602,4518233.26743253
"893","79- 15 Main St, Flushing, NY, 11367",100,599926.828940682,4508168.05421157
"894","4171 White Plains Rd, Bronx, NY, 10466",100,596215.957819349,4527509.09148679
"895","808 Columbus Ave, New York, NY, 10025",100,587184.355213587,4516474.95837308
"896","7612 5 Ave, Brooklyn, NY, 11209",100,582607.537631283,4497970.5629569
"897","925 Crescent St, Brooklyn, NY, 11208",100,595748.047018658,4502167.35062704
"898","215 47 St, Brooklyn, NY, 11220",100,583319.620530802,4500425.80471491
"899","364 Junius St, Brooklyn, NY, 11212",100,592799.087318241,4502233.78591247
"900","675 Lincoln Ave, Brooklyn, NY, 11208",100,595829.155178344,4503035.18160187
"901","2034 Eastchester Rd, Bronx, NY, 10461",100,597493.76519509,4523209.29744137
"902","2245 Broadway, New York, NY, 10024",100,586100.20838187,4515375.1840662
"903","2131 Broadway, New York, NY, 10023",100,585926.866024358,4514924.9498409
"904","2704 Broadway, New York, NY, 10025",100,587040.597254825,4516980.09860909
"905","4121 Church Ave, Brooklyn, NY, 11203",100,589757.811126819,4500611.74615851
"906","200 Schermerhorn St, Brooklyn, NY, 11201",100,585709.249935199,4504692.43460819
"907","46- 40 Francis Lewis Blvd, Flushing, NY, 11358",100,602884.495259701,4512121.4515681
"908","341 Knickerbocker Ave, Brooklyn, NY, 11237",100,591062.018155185,4506133.21540057
"909","6620 Avenue U, Brooklyn, NY, 11234",100,592238.358038137,4496828.9754845
"910","724 E 161 St, Bronx, NY, 10456",100,592334.007402994,4519495.94929527
"911","782 Union St, Brooklyn, NY, 11215",100,586480.114854264,4503163.68240478
"912","5686 Mosholu Ave, Bronx, NY, 10471",100,592554.865843504,4528822.77046034
"913","1481 Beach Ave, Bronx, NY, 10460",100,595489.292568067,4521333.14457226
"914","1660 Madison Ave, New York, NY, 10029",100,588785.443123533,4516705.73314197
"915","60 W 183 St, Bronx, NY, 10453",100,592180.991461313,4523689.55221928
"916","4- 85 47 Rd, Long Island City, NY, 11101",98.93,588108.334826151,4511026.8370437
"917","1411 6th Ave, New York, NY, 10019",100,586335.295313461,4513150.92281003
"918","155- 15 Aguilar Ave, Flushing, NY, 11367",100,600240.160229244,4509278.65830114
"919","1086 Brooklyn Ave, Brooklyn, NY, 11203",100,589320.381720555,4500152.84646119
"920","160 E 110th St, New York, NY, 10029",90.49,589080.352327363,4516492.09998111
"921","3008 Fulton St, Brooklyn, NY, 11208",100,594350.140973835,4503855.61993347
"922","91 Humboldt St, Brooklyn, NY, 11206",100,589449.425658465,4506483.31528263
"923","815 Hutchinson River Pkwy, Bronx, NY, 10465",93.2,598112.16553679,4519805.3222818
"924","1554 Paulding Ave, Bronx, NY, 10461",95,596776.176881728,4522096.6113343
"925","801 Flushing Ave, Brooklyn, NY, 11206",100,589490.029114218,4506118.26272949
"926","3690 3 Ave, Bronx, NY, 10456",100,592455.727247751,4521009.32090305
"927","148-35 Jamaica Ave, Jamaica, NY, 11435",100,600844.511726359,4506344.41966801
"928","410 W 207 St, New York, NY, 10034",100,591176.882977923,4524218.12132406
"929",NA,0,NA,NA
"930","58 Lee Ave, Brooklyn, NY, 11211",100,587824.357515431,4506631.90385114
"931","205 Grand St, New York, NY, 10013",100,584762.236461134,4508038.74693548
"932","4320 5 Ave, Brooklyn, NY, 11232",100,583968.304763294,4500227.73325636
"933",NA,0,NA,NA
"934","1366 6th Ave, New York, NY, 10019",100,586273.995122561,4512966.95640279
"935","176-19 Union Tpke, Fresh Meadows, NY, 11366",88.79,601904.06970447,4508975.06847321
"936","1568 St Nicholas Ave, New York, NY, 10040",100,590173.128355213,4523086.79581138
"937","159 N 3 St, Brooklyn, NY, 11211",100,587878.18548545,4507677.73497755
"938","708 E Tremont Ave, Bronx, NY, 10457",100,593510.577706854,4522150.89191682
"939","45 University Pl, New York, NY, 10003",100,584949.88137359,4509530.20386903
"940","460 Driggs Ave, Brooklyn, NY, 11211",100,588314.372264672,4508105.48670567
"941","200 5 Ave, New York, NY, 10010",100,585316.127177856,4510605.18324033
"942","1701 Church Ave, Brooklyn, NY, 11226",100,587605.087333324,4500340.45845638
"943","136 Lenox Ave, New York, NY, 10026",100,588649.354889286,4517349.07654698
"944","4365 Broadway, New York, NY, 10033",100,589851.419620775,4523098.48967248
"945","11 Broadway, Brooklyn, NY, 11249",100,587156.756839563,4507174.76724552
"946","43 Columbia St, New York, NY, 10002",100,586109.515740697,4507837.91865534
"947","6301 11 Ave, Brooklyn, NY, 11219",100,584158.936918239,4498097.23685119
"948","530 86 St, Brooklyn, NY, 11209",100,582439.330368297,4497116.91109725
"949","557 A Mcdonald Ave, Brooklyn, NY, 11218",100,586346.314370463,4499374.87964057
"950","1343 Lexington Ave, New York, NY, 10128",100,588269.127473484,4515035.50250092
"951","2245 Gerritsen Ave, Brooklyn, NY, 11229",100,590171.7622884,4495038.37460688
"952","492 St Marks Ave, Brooklyn, NY, 11238",100,588024.560367384,4503345.3281443
"953","4510 18 Ave, Brooklyn, NY, 11204",100,586367.94924788,4498202.53097692
"954","140 Orchard St, New York, NY, 10002",100,585376.431621259,4508177.56730335
"955","264 E 204 St, Bronx, NY, 10458",100,594022.449525102,4525369.35355733
"956","911 8th Ave, New York, NY, 10019",100,585728.484418118,4513155.80614942
"957","1663 E 13th St, Brooklyn, NY, 11229",100,587973.450643924,4495840.34745196
"958","277 E 198 St, Bronx, NY, 10458",100,593672.777567591,4524783.10516164
"959","220 Manhattan Ave, New York, NY, 10025",100,587752.927033889,4517164.12262156
"960","70 Pine St, New York, NY, 10005",100,583814.737457297,4506630.42257388
"961","739 Nostrand Ave, Brooklyn, NY, 11216",100,588730.388985109,4502879.05497793
"962","155 Bay St, Staten Island, NY, 10301",98.8,578162.20809438,4499007.26776949
"963","1233 Lexington Ave, New York, NY, 10028",100,588035.645258932,4514601.90795692
"964","50 Division Ave, Brooklyn, NY, 11249",100,587286.867829781,4506737.81517573
"965","2044 Boston Rd, Bronx, NY, 10460",100,594489.199991934,4521703.48034764
"966","40- 33 Main St, Flushing, NY, 11354",100,598801.074676399,4512629.06882886
"967","616 Melrose Ave, Bronx, NY, 10455",100,591344.514188638,4519082.54126868
"968","133- 11 20 Ave, New York, NY, 11357",95,598241.777297652,4515325.88222116
"969","700 Myrtle Ave, Brooklyn, NY, 11205",100,588253.129679,4505373.06505374
"970","649 Jackson Ave, Bronx, NY, 10455",100,592063.468568813,4518858.69558569
"971","425 Bay St, Staten Island, NY, 10304",98.8,578146.152694669,4498270.52983279
"972","1040 Sherman Ave, Bronx, NY, 10456",100,591243.820251755,4520470.43223332
"973","1245 61st St, Brooklyn, NY, 11219",100,584546.54074118,4498058.29460298
"974","1769 2 Ave, New York, NY, 10128",100,588679.177938262,4515079.2001803
"975","409 Brighton Beach Ave, Brooklyn, NY, 11235",100,587754.518773032,4492351.19929055
"976","416 Crescent St, Brooklyn, NY, 11208",100,595422.470504689,4503667.6047017
"977","1523 Avenue M, Brooklyn, NY, 11230",100,588031.933836446,4496897.80550151
"978","405 Remsen Ave, Brooklyn, NY, 11212",100,591034.812029381,4501115.54501565
"979","221 8th Ave, New York, NY, 10011",100,584495.775179567,4510869.74983101
"980","53 Park Pl, New York, NY, 10007",100,583598.191179498,4507460.91713226
"981","2385 Arthur Ave, Bronx, NY, 10458",100,593723.124536032,4523279.30425087
"982","1187 E 156 St, Bronx, NY, 10474",100,593406.262869985,4518533.04500785
"983","756 St Nicholas Ave, New York, NY, 10031",100,589117.775907702,4519973.02755638
"984","2050 Webster Ave, Bronx, NY, 10457",100,592901.62462239,4522881.26859059
"985","519 Gateway Dr, Brooklyn, NY, 11239",100,595574.441322965,4500826.72063654
"986","112- 15 Beach Channel Dr, Rockaway Park, NY, 11694",100,598560.967860736,4493056.14582681
"987","2541 Adam Clayton Powell Jr Blvd, New York, NY, 10039",100,589600.836883107,4519684.77100022
"988","50 Van Cortlandt Ave W, Bronx, NY, 10463",100,593264.34004917,4526354.13137239
"989","331 Port Richmond Ave, Staten Island, NY, 10302",98.8,573044.970447337,4498447.81220488
"990","385 City Island Ave, Bronx, NY, 10464",100,602211.978921847,4522724.6235196
"991",NA,0,NA,NA
"992","341 3 Ave, New York, NY, 10010",100,585961.478536497,4510423.0848883
"993","1208 1 Ave, New York, NY, 10065",100,587864.557734593,4513014.57946692
"994","448 Lenox Ave, New York, NY, 10037",100,589246.284939933,4518461.4746279
"995","3320 Broadway, New York, NY, 10031",100,588117.263636343,4519257.75991073
"996","1416 Kings Hwy, Brooklyn, NY, 11229",100,588100.986045043,4495816.90925046
"997","88 Washington Ave, Brooklyn, NY, 11205",100,587222.399351394,4505545.81490034
"998","8514 18 Ave, Brooklyn, NY, 11214",100,584386.584546222,4495670.39447012
"999","185 Van Dyke St, Brooklyn, NY, 11231",100,583102.652105536,4503361.32040009
"1000","240 Page Ave, Staten Island, NY, 10307",98.8,564739.622368777,4485487.78182267
"1001","1564 Southern Blvd, Bronx, NY, 10460",100,593688.454418666,4521064.96755238
"1002","455 Sutter Ave, Brooklyn, NY, 11212",100,592761.775589749,4502526.82370247
"1003","431 W 16 St, New York, NY, 10011",100,583947.68209201,4510696.18304043
"1004","1339 Jerome Ave, Bronx, NY, 10452",100,591154.128913238,4521448.84055613
"1005","800 Rockaway Ave, Brooklyn, NY, 11212",100,592269.810492106,4501613.92898145
"1006","126 Featherbed Ln, Bronx, NY, 10452",100,591023.356818516,4522228.92231152
"1007","2965 Cropsey Ave, Brooklyn, NY, 11214",100,585874.066719108,4492934.16264388
"1008","720 A Washington Ave, Brooklyn, NY, 11238",100,587584.431744767,4503344.63688158
"1009","300 Baychester Ave, Bronx, NY, 10475",100,598571.287425696,4524574.36850677
"1010","1905 Nostrand Ave, Brooklyn, NY, 11226",100,588944.861474734,4499229.96134794
"1011","114 Wyckoff Ave, Brooklyn, NY, 11237",100,591365.301446285,4506428.24468557
"1012","3815 9 Ave, New York, NY, 10034",100,591179.294168141,4524004.25780397
"1013","74- 39 Jamaica Ave, Woodhaven, NY, 11421",100,595743.076510495,4505147.42537938
"1014","4141 Laconia Ave, Bronx, NY, 10466",100,597134.580145797,4526982.75252723
"1015","3371 Shore Pkwy, Brooklyn, NY, 11235",100,588772.720597673,4493217.4157746
"1016","175 Remsen St, Brooklyn, NY, 11201",100,585211.425563033,4505209.32631051
"1017","2451 Broadway, New York, NY, 10024",100,586519.097134341,4516105.41261224
"1018","592 Ft Washington Ave, New York, NY, 10033",100,589614.530468509,4523195.66969051
"1019","365 Ten Eyck St, Brooklyn, NY, 11206",100,589981.220655955,4507341.64962431
"1020","246 4 Ave, Brooklyn, NY, 11215",100,585882.542916802,4503367.06177354
"1021","10 Union Sq E, New York, NY, 10003",100,585301.166277459,4509812.50239884
"1022","2284 86 St, Brooklyn, NY, 11214",100,585293.093316354,4494906.73020443
"1023","1080 Mcdonald Ave, Brooklyn, NY, 11204",95,586554.524348977,4497822.37762498
"1024","157 Morgan Ave, Brooklyn, NY, 11206",95,590109.787293412,4507062.87324266
"1025","820 E 180 St, Bronx, NY, 10460",100,593985.549262518,4522274.44689952
"1026","99 John St, New York, NY, 10038",100,583947.023746558,4506831.85159423
"1027","3404 Quentin Rd, Brooklyn, NY, 11234",100,589840.655672635,4496423.58281379
"1028","268 Knickerbocker Ave, Brooklyn, NY, 11237",100,590850.006231687,4506257.48633395
"1029","620 Gerard Ave, Bronx, NY, 10451",100,590381.780903018,4519477.38895612
"1030","2640 Nostrand Ave, Brooklyn, NY, 11210",100,589166.616910923,4497135.41060445
"1031","1543 Decatur St, Ridgewood, NY, 11385",100,592720.456183318,4505371.69075761
"1032","2722 E Tremont Ave, Bronx, NY, 10461",100,597349.455872011,4521893.166131
"1033","250 Arlington Ave, Staten Island, NY, 10303",98.8,570343.104995521,4498453.0314214
"1034","184 W 231 St, Bronx, NY, 10463",100,592333.365516179,4525851.23774024
"1035","315 Avenue M, Brooklyn, NY, 11230",100,586985.197485039,4496733.63883373
"1036","30 Avenue O, Brooklyn, NY, 11204",100,585936.189841822,4495969.35736919
"1037","43- 18 Crescent St, Long Island City, NY, 11101",98.93,589263.977973955,4511382.41765164
